,10_Pt/TiO2,11_PCN,12_Pt/CdS,13_Pt/WO3,20_Xylose-0.25M,21_Proline,23_Glucose,24_Cellobiose,30_NaOH-0.5M,31_CitricAcid-0.5M,32_AcidYellow73,33_AcidViolet43,34_AcidGreen1,Target
0,4.989999999999999,0.0,0.0,0.0,0.0,3.75,0.0,0.0,0.0,1.0,0.0,0.0,0.0,3.711296603379475
1,3.99,0.0,0.0,0.0,0.0,2.75,0.0,0.0,0.0,0.0,0.0,0.75,0.0,2.740630889692623
2,4.100000000000001,0.0,0.0,0.55,0.0,2.75,0.0,0.0,0.0,0.0,0.0,0.75,0.0,2.369337365568144
3,3.97,16310.31,0.0,0.0,0.0,2.75,0.0,0.0,0.0,0.0,0.0,0.75,0.0,3.017702676051127
4,4.069999999999999,0.0,0.0,0.47,0.0,2.75,0.75,0.0,0.0,0.0,0.0,0.75,0.0,2.522889041339369
5,3.97,0.0,0.0,0.44,0.25,2.75,0.0,0.0,0.0,0.0,0.0,0.75,0.0,1.659481111839023
6,3.92,0.0,0.0,0.0,0.0,2.75,0.0,0.0,0.5,0.0,0.0,0.75,0.0,3.073097882133784
7,3.97,0.0,0.0,0.57,0.0,2.75,0.0,0.25,0.0,0.0,0.0,0.75,0.0,2.092327992253784
8,4.460000000000001,0.0,0.0,0.0,0.0,3.75,0.0,0.0,0.0,1.0,0.0,0.0,0.0,5.416791947645001
9,3.5,0.0,0.0,1.35,0.0,2.75,0.0,1.0,0.0,0.0,0.0,0.75,0.0,1.713768583644746
10,3.03,0.0,0.0,1.58,0.0,2.75,0.5,0.0,0.0,0.0,0.0,0.75,0.0,1.22669320014923
11,3.11,0.0,0.0,1.31,0.0,2.75,0.0,0.0,0.0,0.0,0.0,0.75,0.0,1.289979626061552
12,1.98,2.61,0.0,0.0,0.0,2.75,0.25,0.0,0.0,0.0,0.0,1.0,0.0,0.635985182914999
13,1.63,0.6,0.0,2.41,0.0,2.75,0.0,0.0,0.0,0.0,0.0,1.0,0.0,0.5965983381256196
14,1.57,2.06,0.0,0.4,0.0,2.75,0.0,0.0,0.0,0.0,0.0,1.0,0.0,0.4187886549093333
15,1.47,0.0,0.0,3.37,0.0,2.75,0.0,0.0,0.0,0.0,0.0,1.0,0.0,0.3337625793210072
16,0.91,0.41,0.0,2.57,0.0,2.75,0.25,0.0,0.0,0.0,0.0,1.0,0.0,0.2280414346563681
17,0.9700000000000001,0.0,0.0,2.72,0.0,2.75,0.0,0.0,0.0,0.0,0.0,1.0,0.0,0.2414317677075042
18,0.93,0.0,0.0,3.61,0.0,2.75,0.0,0.0,0.25,0.0,0.0,1.0,0.0,0.2471325766444334
19,1.08,3.15,0.0,0.0,0.0,2.75,0.0,0.0,0.0,0.0,0.0,1.0,0.0,0.2520198811860068
20,0.0,0.45,0.0,4.29,0.25,2.75,0.0,0.25,0.0,0.0,0.0,1.0,0.0,0.0457710836437093
21,0.0,0.5199999999999999,0.41,3.23,0.0,2.75,0.0,0.25,0.25,0.0,0.0,1.0,0.0,0.04735977696165038
22,0.0,1.37,0.0,2.79,0.25,2.75,0.0,0.0,0.0,0.0,0.0,1.25,0.0,0.04600124206138061
23,0.0,1.64,0.0,0.0,0.0,2.75,0.0,0.0,0.0,0.0,0.0,1.25,0.0,0.06636999983347146
24,3.94,0.0,0.48,0.0,0.0,0.0,0.0,0.0,0.0,0.0,0.0,4.5,0.0,0.03362422621993023
25,5.17,0.0,0.0,0.0,0.0,0.0,0.25,0.0,0.0,0.0,0.0,4.5,0.0,0.6955608732157676
26,4.52,0.0,0.0,0.0,0.0,3.75,0.0,0.0,0.0,0.75,0.0,0.0,0.0,3.627287414095316
27,4.94,0.0,0.0,0.0,0.0,3.75,0.0,0.0,0.0,0.75,0.0,0.0,0.0,4.613576741687372
28,5.04,0.0,0.0,0.0,0.0,3.75,0.0,0.0,0.0,1.0,0.0,0.0,0.0,4.814654087886201
29,4.49,0.0,0.0,0.0,0.0,3.75,0.0,0.0,0.0,1.0,0.0,0.0,0.0,5.068471748945834
30,3.75,0.0,0.0,0.5199999999999999,0.0,2.75,0.0,0.25,0.0,0.0,0.0,0.75,0.0,2.361587985126408
31,3.98,0.0,0.0,0.44,0.0,2.75,0.0,0.0,0.0,0.0,0.0,0.75,0.0,2.05842913221798
32,3.99,0.39,0.0,0.0,0.0,2.75,0.0,0.0,0.0,0.0,0.0,0.75,0.0,2.756653314618636
33,4.06,0.0,0.0,0.0,0.0,2.75,0.0,0.0,0.0,0.0,0.0,0.75,0.0,3.194838302346687
34,3.96,0.0,0.0,0.0,0.0,2.75,0.0,0.25,0.0,0.0,0.0,0.75,0.5,1.579293491204543
35,4.02,0.0,0.0,0.42,0.0,2.75,0.0,0.0,0.0,0.0,0.0,0.75,0.5,0.9173005849378818
36,0.14,0.0,0.0,0.61,0.5,2.75,0.0,0.25,0.0,0.0,0.0,0.75,0.0,0.04423756289018282
37,4.100000000000001,0.5599999999999999,0.0,0.0,0.0,2.75,0.25,0.0,0.0,0.0,0.0,0.75,0.0,2.142030919069013
38,3.51,0.0,0.0,1.21,0.0,2.75,0.0,0.25,0.0,0.0,0.0,0.75,0.0,1.99996465095963
39,3.58,0.0,0.0,0.93,0.0,2.75,0.0,0.0,0.0,0.0,0.0,0.75,0.0,1.177544582385548
40,3.12,0.0,0.0,1.14,0.0,2.75,0.0,0.0,0.0,0.0,0.0,0.75,0.0,0.9641211833684342
41,3.19,1.63,0.0,0.0,0.0,2.75,0.0,0.0,0.0,0.0,0.0,0.75,0.0,1.668856978043613
42,2.96,0.0,0.0,2.45,0.75,2.75,0.0,0.0,0.25,0.0,0.0,0.75,0.0,1.249472744034505
43,2.98,0.0,0.0,2.41,0.0,2.75,0.0,0.0,0.0,0.0,0.0,0.75,0.25,0.5272092027996028
44,1.33,2.43,0.0,0.0,0.0,2.75,0.0,0.0,0.0,0.0,0.0,1.0,0.0,0.3548372911667104
45,0.0,2.14,0.0,1.67,0.0,2.75,0.0,0.0,0.0,0.0,0.0,1.0,0.0,0.06580645481038702
46,0.0,0.37,0.5599999999999999,3.92,0.0,2.75,0.0,0.0,0.0,0.0,0.0,1.0,0.0,0.05046053266600653
47,4.45,0.0,0.0,0.0,0.0,0.0,0.0,0.25,0.0,0.0,0.0,4.25,0.0,0.9422938327347609
48,5.15,0.0,0.0,0.0,0.0,0.0,0.0,0.0,0.0,0.0,0.0,4.25,0.0,0.04144329914974786
49,4.97,0.0,0.0,0.0,0.0,0.0,0.0,0.0,0.0,0.0,0.0,4.75,0.0,0.03794197002188748
50,4.97,0.0,0.0,0.0,0.0,0.0,0.0,0.0,0.0,0.0,0.0,4.75,0.0,0.037389543578882
51,4.27,0.0,0.0,0.0,0.0,2.75,0.0,0.0,0.0,0.5,0.0,0.75,0.0,3.248687456145601
52,4.92,0.0,0.0,0.0,0.0,3.75,0.0,0.0,0.0,1.0,0.0,0.0,0.0,3.396724570378172
53,4.95,0.0,0.0,0.0,0.0,2.75,0.0,0.0,0.0,0.5,0.0,0.75,0.0,3.985607728996893
54,4.91,0.0,0.0,0.0,0.0,2.75,0.0,0.0,0.0,0.5,0.25,0.75,0.0,4.431428470782778
55,5.100000000000001,0.0,0.0,0.0,0.0,2.75,0.0,0.0,0.0,0.75,0.0,0.75,0.0,2.56203904862257
56,4.81,0.0,0.0,0.0,0.0,0.25,0.0,0.0,0.0,1.25,0.0,0.0,0.0,3.347172599292954
57,4.52,0.0,0.0,0.0,0.0,2.75,0.0,0.0,0.0,0.75,0.0,0.75,0.0,3.769412710306739
58,5.04,0.0,0.0,0.0,0.0,0.25,0.0,0.0,0.0,1.5,0.0,0.0,0.0,4.139111886269247
59,4.51,0.0,0.0,0.0,0.0,0.25,0.0,0.0,0.0,1.5,0.25,0.0,0.0,3.66251862443935
60,4.44,0.0,0.0,0.0,0.0,0.25,0.0,0.0,0.0,1.5,0.0,0.0,0.0,4.059647204569009
61,4.73,0.0,0.0,0.0,0.5,0.25,0.0,0.0,0.0,1.75,0.0,0.0,0.0,3.272683773061548
62,4.28,0.0,0.0,0.0,0.0,0.25,0.0,0.0,0.0,1.75,0.0,0.0,0.0,3.403375408107887
63,4.32,0.0,0.0,0.0,0.0,2.75,0.0,0.0,0.0,1.0,0.0,0.75,0.0,3.463784061141361
64,4.850000000000001,0.0,0.0,0.0,0.0,0.0,0.0,0.0,0.0,0.0,0.0,0.0,0.0,0.05781517010354426
65,0.5199999999999999,2.71,0.0,0.0,0.0,4.75,0.0,0.0,0.0,0.0,0.0,0.0,0.0,0.4995688113667618
66,0.42,0.36,1.08,0.85,0.0,4.75,0.0,0.0,0.0,0.0,0.0,0.0,0.0,0.09797364269143688
67,0.46,0.53,1.07,2.95,0.0,4.75,0.0,0.0,0.0,0.0,0.0,0.0,0.0,0.1044029532883689
68,0.57,1.94,1.14,0.06999999999999999,0.0,4.75,0.0,0.0,0.0,0.0,0.0,0.0,0.0,0.2415230459887371
69,5.100000000000001,0.0,0.0,0.0,0.0,0.75,0.0,0.0,0.0,4.0,0.0,0.0,0.0,3.978337819648348
70,0.0,3.63,0.0,0.0,0.0,4.75,0.0,0.0,0.0,0.0,0.0,0.0,0.0,0.2195839825109556
71,0.0,4.01,0.0,0.0,0.0,4.75,0.0,0.0,0.0,0.0,0.0,0.0,0.0,0.2196965961299104
72,0.0,2.97,0.0,0.0,0.0,4.75,0.0,0.0,0.0,0.0,0.0,0.0,0.0,0.2029038210389383
73,4.49,0.0,0.0,0.0,0.0,1.0,0.0,0.0,0.0,0.75,0.0,2.75,0.0,4.411533157799392
74,4.97,0.0,0.0,0.0,0.0,1.0,0.0,0.0,0.0,0.75,0.0,2.75,0.0,3.835941787437087
75,4.42,0.0,0.0,0.0,0.75,1.0,0.0,0.0,0.0,0.0,0.0,2.75,0.0,1.548949277532827
76,4.47,0.0,0.0,0.0,0.0,1.0,0.0,0.0,0.0,0.0,0.0,2.75,0.0,1.471275706710144
77,4.52,0.0,0.0,0.0,0.0,2.5,0.0,0.0,0.0,0.5,0.0,0.0,0.0,2.989479772039513
78,4.94,0.0,0.0,0.0,0.0,2.75,0.0,0.0,0.0,0.75,0.0,0.75,0.0,3.515981418176519
79,4.54,0.0,0.0,0.0,0.0,2.5,0.0,0.0,0.5,1.0,0.25,0.0,0.0,3.739757354713046
80,4.44,0.0,0.0,0.0,0.0,2.5,0.0,0.0,0.0,1.0,0.0,0.0,0.0,3.971929730272124
81,4.52,0.0,0.0,0.0,0.0,2.5,0.0,0.25,0.0,1.0,0.0,0.0,0.25,3.556775663835163
82,4.48,0.0,0.0,0.0,0.0,2.5,0.25,0.25,0.0,1.0,0.0,0.0,0.0,2.615337944421113
83,4.57,0.0,0.0,0.0,0.0,2.75,0.0,0.0,0.0,1.0,0.0,0.75,0.0,3.772008718590721
84,5.11,0.0,0.0,0.0,0.0,2.75,0.0,0.0,0.0,1.0,0.0,0.75,0.0,4.290835812716171
85,4.49,0.0,0.0,0.0,0.0,2.5,0.0,0.0,0.0,2.25,0.0,0.0,0.0,3.126273023925965
86,4.38,0.0,0.0,0.0,0.25,0.25,0.5,0.0,0.0,2.25,0.0,0.0,0.0,3.425741463500934
87,5.159999999999999,0.0,0.0,0.0,0.25,0.5,0.5,0.0,0.0,3.25,0.0,0.0,0.0,3.695387855963756
88,4.819999999999999,0.0,0.0,0.0,0.75,0.5,0.0,0.0,0.0,3.25,0.0,0.0,0.0,3.51439372295522
89,4.63,0.0,0.0,0.0,0.0,0.5,0.0,0.0,0.0,4.25,0.0,0.0,0.0,4.199203249393605
90,0.0,2.96,0.0,0.0,0.0,4.75,0.0,0.0,0.0,0.0,0.0,0.0,0.0,0.1356918672143837
91,0.0,2.61,0.47,0.0,0.0,4.75,0.0,0.0,0.0,0.0,0.0,0.0,0.0,0.1511458838557605
92,4.87,0.0,0.0,0.0,0.0,4.25,0.0,0.0,0.0,0.0,0.0,0.5,0.0,0.7013463080611387
93,5.09,0.0,0.0,0.0,0.0,0.75,0.0,0.0,0.0,4.0,0.0,0.0,0.0,4.226820447955165
94,4.33,0.0,0.0,0.0,0.0,0.75,0.0,0.0,0.0,4.0,0.0,0.0,0.0,4.046570916616098
95,0.0,2.93,0.0,0.13,0.0,4.75,0.0,0.0,0.0,0.0,0.0,0.0,0.0,0.1073965574495055
96,0.0,2.02,0.0,0.0,0.0,4.75,0.0,0.0,0.0,0.0,0.0,0.0,0.0,0.3460254425442413
97,0.0,3.65,0.0,0.0,0.0,4.75,0.0,0.0,0.0,0.0,0.0,0.0,0.0,0.2048050005420441
98,0.0,2.95,0.36,0.0,0.0,4.75,0.0,0.0,0.0,0.0,0.0,0.0,0.0,0.09960146990747841
99,4.52,0.0,0.0,0.0,0.0,1.0,0.0,0.0,0.0,0.75,0.0,2.75,0.0,3.799516053869827
100,5.100000000000001,0.0,0.0,0.0,0.0,1.0,0.0,0.0,0.0,0.75,0.0,2.75,0.0,3.153464007993787
101,5.11,0.0,0.0,0.0,0.0,1.0,0.0,0.0,0.0,0.5,0.0,3.0,0.0,3.282588628637389
102,2.96,0.48,0.6,0.0,0.0,1.25,0.0,0.0,0.0,0.0,0.0,3.5,0.0,0.1044921013723029
103,4.890000000000001,0.0,0.0,0.0,0.0,2.75,0.0,0.0,0.0,0.5,0.0,0.75,0.0,2.836593120883762
104,5.0,0.0,0.0,0.0,0.0,3.75,0.0,0.0,0.0,0.5,0.0,0.0,0.0,3.125187488585508
105,4.67,0.0,0.0,0.0,0.0,0.75,0.0,0.0,0.0,1.25,0.0,2.5,0.0,2.680406106961453
106,5.04,0.0,0.0,0.0,0.0,0.5,0.0,0.0,0.0,2.0,0.0,0.0,0.0,3.459662809235419
107,4.94,0.0,0.0,0.0,0.25,3.75,0.0,0.0,0.0,0.5,0.0,0.0,0.0,3.500683251772404
108,5.029999999999999,0.0,0.0,0.0,0.0,0.5,0.0,0.0,0.0,2.0,0.25,0.0,0.0,3.853119116773756
109,5.09,0.0,0.0,0.0,0.25,2.75,0.0,0.0,0.0,0.5,0.0,0.75,0.0,3.069591482189084
110,5.05,0.0,0.0,0.0,0.0,0.5,0.0,0.25,0.0,2.0,0.25,0.0,0.0,4.033331579976657
111,4.98,0.0,0.0,0.0,0.0,0.5,0.0,0.0,0.0,2.25,0.0,0.0,0.0,4.611070766130903
112,4.47,0.0,0.0,0.0,0.0,2.75,0.0,0.0,0.25,0.5,0.0,0.75,0.0,4.778559899090788
113,4.53,0.0,0.0,0.0,0.0,3.75,0.0,0.0,0.0,0.5,0.25,0.0,0.0,4.568776939020778
114,4.33,0.0,0.0,0.0,0.0,0.75,0.0,0.0,0.0,1.5,0.0,2.25,0.0,3.781467818930099
115,4.55,0.0,0.0,0.0,0.0,0.5,0.0,0.0,0.0,2.25,0.0,0.0,0.0,2.564623414730974
116,4.7,0.0,0.0,0.0,0.0,0.5,0.0,0.0,0.5,2.25,1.0,0.0,0.0,3.032267292889944
117,4.850000000000001,0.0,0.0,0.0,0.0,0.5,0.25,0.25,0.25,2.25,0.0,0.0,0.0,2.94307007812376
118,4.98,0.0,0.0,0.0,0.0,0.5,0.0,0.0,0.0,2.25,0.25,0.0,0.25,3.485265319300162
119,5.0,0.0,0.0,0.0,0.0,0.75,0.0,0.0,0.0,1.75,0.0,2.25,0.0,3.749211619037401
120,4.31,0.0,0.0,0.0,0.0,0.5,0.25,0.0,0.0,2.0,0.0,0.0,0.0,3.286495195151673
121,5.029999999999999,0.0,0.0,0.0,0.0,0.75,0.0,0.0,0.0,2.0,0.0,2.0,0.0,3.332702315761098
122,4.53,0.0,0.0,0.0,0.0,0.75,0.0,0.0,0.0,2.0,0.0,2.0,0.0,2.959806780180672
123,5.15,0.0,0.0,0.0,0.0,0.75,0.0,0.0,0.0,2.25,0.0,1.75,0.0,3.628893439243953
124,4.44,0.0,0.0,0.0,0.0,0.75,0.0,0.0,0.0,2.25,0.0,1.75,0.0,3.811749990169166
125,4.12,0.0,0.53,0.0,0.5,0.0,0.5,0.0,0.0,0.5,0.0,2.25,0.0,2.430879759819628
126,0.3,1.38,1.05,0.09000000000000001,0.25,0.0,0.0,0.0,0.0,0.5,0.0,2.5,0.75,0.1338455766811045
127,4.52,0.0,0.0,0.0,0.0,0.75,0.0,0.0,0.0,2.5,0.0,1.5,0.0,3.242661033345991
128,4.88,0.0,0.0,0.0,0.0,0.75,0.0,0.0,0.0,2.5,0.0,1.5,0.0,3.270606434419323
129,0.0,1.46,0.66,2.41,0.0,0.25,0.25,0.0,1.0,0.5,0.0,0.0,0.5,0.0549091232923103
130,0.0,0.0,1.39,0.0,1.75,0.0,0.5,0.75,0.25,0.25,0.0,0.0,0.25,0.092941885383591
131,0.0,0.96,0.47,0.98,0.0,0.0,0.0,0.0,0.75,0.5,0.5,0.25,0.5,0.0483066866201645
132,1.03,0.99,1.5,0.26,0.0,0.5,0.0,1.0,0.0,0.0,0.25,0.25,1.25,0.0436505207895219
133,0.5,1.01,0.96,0.27,0.25,0.0,0.0,0.0,0.75,1.0,0.0,0.0,2.0,0.238915525477617
134,0.45,1.99,0.0,1.47,0.75,0.25,0.5,0.0,0.0,1.75,0.0,0.0,0.0,1.16828353460645
135,0.0,1.01,0.0,3.51,1.25,0.5,0.0,0.5,1.25,0.0,0.0,0.0,0.25,0.386911084255585
136,0.0,0.0,2.17,1.09,0.0,0.75,0.5,0.0,0.5,0.25,0.5,1.0,0.0,0.0469908690079109
137,0.0,0.0,1.61,2.64,0.0,0.0,0.0,0.0,0.0,0.0,0.0,0.0,0.0,0.037665217047861
138,0.48,0.0,0.92,1.18,0.0,0.0,0.0,0.0,0.0,0.0,0.0,0.0,0.0,0.0403893087259858
139,0.0,0.0,4.43,0.0,0.0,0.0,0.0,0.0,0.0,0.0,0.0,0.0,0.0,0.0375969743756918
140,0.0,2.0,0.0,3.03,0.0,0.0,0.0,0.0,0.0,0.0,0.0,0.0,0.0,0.0380219800070632
141,0.49,1.04,0.0,1.45,0.0,0.0,0.0,0.0,0.0,0.0,0.0,0.0,0.0,0.0378404326826048
142,0.51,3.5,0.0,0.0,0.0,0.0,0.0,0.0,0.0,0.0,0.0,0.0,0.0,0.0375674209688168
143,1.51,0.99,1.47,0.0,0.0,0.0,0.0,0.0,0.0,0.0,0.0,0.0,0.0,0.0353938636131223
144,0.0,0.0,0.0,3.1,0.5,0.0,0.5,2.0,0.5,0.0,0.5,0.0,0.25,0.0431974759248091
145,0.97,0.5,1.19,0.0,0.25,0.0,0.0,0.0,0.25,0.5,0.75,0.0,1.0,0.559585272921071
146,0.519999999999999,0.47,2.03,0.0,1.0,0.0,0.0,0.25,0.75,0.0,0.0,0.5,1.25,0.0705399500586659
147,0.0,0.98,0.46,0.0,0.0,0.5,0.0,0.5,0.0,0.0,1.0,1.25,0.0,0.0400875786304927
148,0.96,0.45,0.0,2.7,0.25,0.0,0.5,0.75,1.75,0.0,0.0,0.0,0.25,0.445183354236587
149,0.99,0.49,1.36,0.22,0.0,0.25,0.0,0.75,0.0,0.25,0.75,1.0,0.5,0.37047616637004
150,2.55,0.0,0.0,1.32,0.0,2.25,0.0,0.25,0.0,0.25,0.0,0.5,0.25,2.54324634018056
151,0.0,1.07,1.97,1.0,0.0,0.25,1.5,0.25,0.75,0.25,0.5,0.0,0.0,0.151461801879398
152,1.0,0.0,2.05,0.84,0.0,0.25,0.0,0.0,0.5,0.0,0.0,0.25,0.75,0.0627359580165551
153,0.0,2.01,0.0,2.81,0.0,0.0,0.0,0.0,0.0,0.0,0.0,0.0,0.0,0.0468146616655546
154,4.48,0.0,0.0,0.0,0.0,0.0,0.0,0.0,0.0,0.0,0.0,0.0,0.0,0.0450437894411141
155,0.0,3.51,0.0,0.37,0.0,0.0,0.0,0.0,0.0,0.0,0.0,0.0,0.0,0.0420662437346114
156,0.0,0.96,0.42,3.03,0.0,0.0,0.0,0.0,0.0,0.0,0.0,0.0,0.0,0.0441452878891627
157,2.53,0.0,0.46,1.12,0.0,0.0,0.0,0.0,0.0,0.0,0.0,0.0,0.0,0.0388123446692809
158,0.0,1.54,2.49,0.0,0.0,0.0,0.0,0.0,0.0,0.0,0.0,0.0,0.0,0.0395295799435311
159,2.02,0.98,1.23,0.0,0.0,0.0,0.0,0.0,0.0,0.0,0.0,0.0,0.0,0.0400645853588221
160,4.41,0.0,0.0,0.0,0.0,4.75,0.0,0.0,0.0,0.0,0.0,0.0,0.0,3.15179920893004
161,5.61,0.0,0.0,0.0,0.0,3.75,0.0,0.0,0.25,0.0,0.0,0.0,0.5,4.29759078483879
162,4.4,0.0,0.0,0.0,0.0,3.75,0.0,0.0,0.25,0.0,0.0,0.0,0.0,5.40607416231964
163,4.43,0.0,0.0,0.0,0.0,4.0,0.0,0.0,0.0,0.0,0.0,0.0,0.0,4.5371381648463
164,4.52,0.0,0.0,0.0,0.0,4.0,0.0,0.0,0.25,0.0,0.0,0.0,0.25,3.78900107576767
165,4.95,0.0,0.0,0.0,0.0,3.0,0.0,0.25,0.5,0.0,0.0,0.0,0.0,3.08563794001848
166,4.44,0.0,0.0,0.0,0.0,3.0,0.0,0.0,0.5,0.0,0.0,0.0,0.0,3.08668801936867
167,5.45,0.0,0.0,0.0,0.0,3.75,0.0,0.0,0.25,0.0,0.0,0.0,0.0,5.70890470883011
168,4.97,0.0,0.0,0.0,0.0,3.75,0.0,0.0,0.75,0.0,0.0,0.0,0.0,3.39890771859869
169,0.0,0.0,4.97,0.0,0.0,3.5,0.0,0.0,0.25,0.25,0.0,0.25,0.0,0.189236144826785
170,0.0,0.0,4.94,0.0,0.0,3.5,0.0,0.0,0.25,0.25,0.0,0.0,0.0,0.16924776747993
171,0.0,0.0,4.5,0.0,0.0,3.5,0.0,0.0,0.25,0.25,0.0,0.0,0.0,0.151754109920138
172,0.0,0.0,5.11,0.0,0.0,4.0,0.0,0.0,0.0,0.5,0.0,0.0,0.0,0.302806707856891
173,0.0,0.0,0.0,0.0,0.0,4.0,0.0,0.0,0.0,0.75,0.0,0.0,0.0,0.0709658602790593
174,0.0,1.55,0.0,0.0,0.0,4.0,0.0,0.0,0.0,0.75,0.0,0.0,0.0,0.367498165813524
175,4.68,0.0,0.0,0.0,0.0,3.5,0.0,0.0,0.0,0.25,0.0,0.0,0.0,3.67007297496542
176,4.98999999999999,0.0,0.0,0.0,0.0,3.5,0.0,0.0,0.0,0.25,0.0,0.0,0.0,4.55357356647417
177,4.46,0.0,0.0,0.0,0.0,3.5,0.0,0.0,0.0,0.25,0.5,0.0,0.0,5.3415043500336
178,5.05,0.0,0.0,0.0,0.0,3.5,0.0,0.0,0.0,0.25,0.0,0.25,0.0,5.55296621358767
179,4.97,0.0,0.0,0.0,0.0,3.75,0.0,0.0,0.0,0.5,0.0,0.0,0.0,6.30006878910036
180,4.41,0.0,0.0,0.0,0.0,3.75,0.0,0.0,0.0,0.5,0.0,0.0,0.0,5.13073004499549
181,0.0,0.27,0.0,0.0,0.0,1.75,0.0,0.0,2.25,0.75,0.0,0.0,0.0,0.171938323378829
182,0.0,3.87,0.0,0.0,0.0,1.75,0.0,0.0,2.25,0.75,0.0,0.0,0.0,0.248485955256567
183,4.49,0.0,0.0,0.0,0.0,3.25,0.0,0.0,0.0,0.25,0.25,0.75,0.0,2.5074860837013
184,5.0,0.0,0.0,0.0,0.0,3.25,0.0,0.0,0.0,0.25,0.25,0.75,0.0,4.11412153257181
185,4.98999999999999,0.0,0.0,0.0,0.0,3.0,0.0,0.0,0.0,0.25,0.25,0.75,0.0,4.5290269695963
186,4.44,0.0,0.0,0.0,0.0,3.0,0.0,0.0,0.0,0.25,0.25,1.0,0.0,3.64763912929531
187,4.93,0.0,0.0,0.0,0.0,3.0,0.0,0.0,0.0,0.25,0.25,1.0,0.0,4.10766722069265
188,4.47,0.0,0.0,0.0,0.0,2.75,0.0,0.0,0.0,0.5,0.5,0.75,0.0,3.96937002692809
189,4.92,0.0,0.0,0.0,0.0,2.75,0.0,0.0,0.0,0.5,1.0,0.5,0.0,2.24087004473427
190,5.06,0.0,0.0,0.0,0.0,2.75,0.0,0.0,0.0,0.5,1.5,0.0,0.0,3.16899618385717
191,0.0,0.0,4.44,0.0,0.0,3.25,0.0,0.0,1.5,0.0,0.0,0.0,0.0,0.270495510503887
192,4.43,0.0,0.0,0.0,0.0,3.5,0.0,0.0,0.0,0.25,0.5,0.0,0.0,2.53155607002191
193,5.01,0.0,0.0,0.0,0.0,3.5,0.0,0.0,0.0,0.25,0.5,0.0,0.0,3.44478332441638
194,4.45,0.0,0.0,0.0,0.0,3.5,0.0,0.0,0.0,0.25,0.75,0.0,0.0,3.07372328796915
195,4.97,0.0,0.0,0.0,0.0,3.5,0.0,0.0,0.0,0.25,0.75,0.0,0.0,2.43355801965477
196,4.57,0.0,0.0,0.0,0.0,3.25,0.0,0.0,0.0,0.25,1.0,0.0,0.0,3.17564657066005
197,4.5,0.0,0.0,0.0,0.0,3.0,0.0,0.0,0.0,0.5,1.25,0.0,0.0,4.09535409066572
198,0.95,0.0,3.54,0.0,1.75,0.25,0.0,0.0,2.5,0.0,0.0,0.0,0.0,0.116525139135498
199,0.92,0.0,3.48,0.0,2.0,0.0,0.0,0.0,2.5,0.0,0.0,0.0,0.0,0.073682026824014
200,4.93,0.0,0.0,0.0,0.0,2.5,0.0,0.0,0.0,0.5,1.5,0.0,0.0,4.04837743232421
201,4.46,0.0,0.0,0.0,0.0,3.5,0.0,0.0,0.0,0.25,0.0,0.25,0.0,3.15471234537523
202,4.64999999999999,0.0,0.0,0.0,0.0,3.5,0.0,0.0,0.0,0.0,0.0,0.25,0.0,2.69367197445486
203,5.0,0.0,0.0,0.0,0.0,3.0,0.0,0.0,0.0,0.25,0.5,0.0,0.0,3.69814434383312
204,4.54,0.0,0.0,0.0,0.0,3.5,0.0,0.0,0.0,0.25,0.0,0.5,0.0,3.20159406843416
205,4.45,0.0,0.0,0.0,0.0,3.25,0.0,0.0,0.0,0.25,0.0,0.5,0.0,3.51750576818713
206,4.72,0.0,0.0,0.0,0.0,3.0,0.0,0.0,0.0,0.25,0.5,0.0,0.0,3.11364231685934
207,4.95,0.0,0.0,0.0,0.0,3.25,0.0,0.0,0.0,0.25,0.0,0.75,0.0,3.67673254027366
208,4.41,0.0,0.0,0.0,0.0,3.0,0.0,0.0,0.0,0.25,0.0,1.0,0.0,5.44315535877698
209,4.84,0.0,0.0,0.0,0.0,3.0,0.0,0.0,0.0,0.25,0.0,1.0,0.0,5.63941731122796
210,4.46,0.0,0.0,0.0,0.0,3.0,0.0,0.0,0.0,0.25,0.0,1.25,0.0,4.47067086923835
211,4.98999999999999,0.0,0.0,0.0,0.0,3.0,0.0,0.0,0.0,0.25,0.0,1.25,0.0,5.05748845431338
212,4.98,0.0,0.0,0.0,0.0,4.25,0.0,0.0,0.0,0.25,0.0,0.0,0.0,4.12972898255586
213,4.49,0.0,0.0,0.0,0.0,4.25,0.0,0.0,0.0,0.25,0.0,0.0,0.0,3.39521803708283
214,4.98,0.0,0.0,0.0,0.0,3.5,0.0,0.0,0.0,0.25,0.0,0.75,0.0,1.55751539103474
215,4.52,0.0,0.0,0.0,0.0,3.5,0.0,0.0,0.0,0.25,0.0,0.75,0.0,1.35398519712384
216,4.95,0.0,0.0,0.0,0.0,3.25,0.0,0.0,0.0,0.25,0.0,1.0,0.0,1.51457694695934
217,4.53,0.0,0.0,0.0,0.0,3.25,0.0,0.0,0.0,0.25,0.0,1.0,0.0,1.89967077552225
218,5.34,0.0,0.0,0.0,0.0,3.0,0.0,0.0,0.0,0.25,0.0,1.25,0.0,1.97583690594278
219,4.83,0.0,0.0,0.0,0.0,2.5,0.0,0.0,0.0,0.25,0.0,1.5,0.0,1.68341388393982
220,4.25,0.0,0.0,0.0,0.0,2.5,0.0,0.0,0.0,0.25,0.0,1.5,0.0,1.68734150601888
221,4.85,0.0,0.0,0.0,0.0,2.5,0.0,0.0,0.0,0.25,0.0,1.75,0.0,1.2054387450007
222,4.32,0.0,0.0,0.0,0.0,2.5,0.0,0.0,0.0,0.25,0.0,1.75,0.0,1.1179550198343
223,4.93,0.0,0.0,0.0,0.0,3.5,0.0,0.0,0.0,0.25,0.0,0.0,0.0,3.56245953943587
224,4.81999999999999,0.0,0.0,0.0,0.25,3.5,0.0,0.0,0.0,0.25,0.0,0.0,0.0,3.34445757775406
225,0.4,0.0,2.63,0.3,0.5,0.75,0.75,0.0,0.5,0.0,0.0,0.25,0.0,0.268860032329371
226,4.85999999999999,0.0,0.0,0.0,0.5,3.75,0.0,0.0,0.0,0.25,0.0,0.0,0.0,3.02609310386277
227,4.38,0.0,0.0,0.0,0.0,3.75,0.0,0.0,0.0,0.25,0.0,0.0,0.0,4.07017180658078
228,4.49,0.0,0.0,0.0,0.25,3.5,0.0,0.25,0.0,0.25,0.0,0.0,0.0,3.72169605326013
229,4.47,0.0,0.0,0.0,0.0,3.75,0.0,0.0,0.0,0.25,0.0,0.0,0.0,4.46760198834108
230,4.98999999999999,0.0,0.0,0.0,0.0,4.0,0.0,0.0,0.0,0.25,0.0,0.0,0.0,3.6949847346587
231,4.7,0.0,0.0,0.0,0.0,0.25,0.0,0.0,0.0,0.25,0.0,0.0,0.0,2.90474473061357
232,0.0,2.37,1.47,0.6,1.0,0.25,1.25,0.25,0.5,0.0,0.25,0.0,0.0,0.258472762892353
233,5.07,0.0,0.0,0.0,0.0,3.5,0.0,0.0,0.0,0.25,0.0,0.0,0.0,3.25743463996366
234,4.41,0.0,0.0,0.0,0.0,3.75,0.0,0.0,0.25,0.0,0.0,0.0,0.0,2.26934341106017
235,4.38,0.0,0.0,0.0,0.0,3.5,0.0,0.25,0.0,0.25,0.0,0.0,0.0,3.91088362118527
236,4.97,0.0,0.0,0.0,0.0,3.5,0.0,0.25,0.0,0.25,0.0,0.0,0.0,3.66163761964034
237,4.44,0.0,0.0,0.0,0.0,3.25,0.0,0.0,0.0,0.25,0.0,0.0,0.0,3.854119172845
238,4.5,0.0,0.0,0.0,0.0,3.5,0.0,0.0,0.25,0.0,0.0,0.0,0.0,4.56066561137738
239,5.04,0.0,0.0,0.0,0.0,3.25,0.0,0.0,0.0,0.25,0.0,0.0,0.0,4.54564439872553
240,4.43,0.0,0.0,0.0,0.0,3.0,0.0,0.0,0.0,0.25,0.0,0.0,0.0,3.83023957700524
241,5.02,0.0,0.0,0.0,0.0,3.0,0.0,0.0,0.0,0.25,0.0,0.0,0.0,3.96634314879871
242,3.99,0.0,0.0,0.0,0.0,2.5,0.0,0.25,0.0,0.0,1.25,0.0,0.0,3.55707684294575
243,3.98,0.0,0.0,0.0,0.0,2.25,0.0,0.0,0.0,0.0,1.25,0.0,0.0,2.09670263435775
244,3.47,0.0,0.45,0.0,0.0,2.25,0.0,0.0,0.0,0.0,1.25,0.0,0.0,1.24752732142703
245,4.61,0.0,0.0,0.0,0.0,3.0,0.0,0.0,0.25,0.25,0.0,0.0,0.0,3.40651338415806
246,5.06,0.0,0.0,0.0,0.0,3.0,0.0,0.0,0.25,0.25,0.0,0.0,0.0,4.06460923535346
247,4.48,0.0,0.0,0.0,0.0,3.25,0.0,0.0,0.0,0.25,0.0,0.0,0.0,2.13152893081276
248,4.55,0.0,0.0,0.0,0.0,3.0,0.0,0.0,0.0,0.25,0.0,0.0,0.0,2.45657022874114
249,4.98,0.0,0.0,0.0,0.0,3.0,0.0,0.0,0.25,0.25,0.0,0.0,0.0,3.54735441624466
250,2.93,0.0,1.54,0.0,0.0,2.0,0.0,0.0,0.0,0.0,1.25,0.0,0.0,0.533309776409713
251,4.55,0.0,0.0,0.0,0.0,3.0,0.0,0.0,0.25,0.25,0.0,0.0,0.0,3.82573619781658
252,4.43,0.0,0.0,0.0,0.0,3.0,0.0,0.0,0.25,0.5,0.0,0.0,0.0,2.78891290730925
253,5.07,0.0,0.0,0.0,0.0,3.0,0.0,0.0,0.25,0.5,0.0,0.0,0.0,3.06191996654744
254,4.47,0.0,0.0,0.0,0.0,3.25,0.0,0.0,0.0,0.5,0.0,0.0,0.0,2.93874995079768
255,4.93,0.0,0.0,0.0,0.0,3.25,0.0,0.0,0.0,0.5,0.0,0.0,0.0,3.11124463405726
256,4.48,0.0,0.0,0.0,0.0,3.0,0.0,0.0,0.0,0.5,0.0,0.0,0.0,3.29367541970717
257,5.19,0.0,0.0,0.0,0.5,3.0,0.0,0.0,0.0,0.5,0.0,0.0,0.0,3.36505852838004
258,4.45,0.0,0.0,0.0,0.75,3.0,0.0,0.0,0.0,0.5,0.0,0.0,0.0,3.05223018964116
259,5.06,0.0,0.0,0.0,0.0,3.0,0.0,0.0,0.0,0.5,0.0,0.0,0.0,3.5313188595487
260,5.02,0.0,0.0,0.0,0.75,3.0,0.0,0.0,0.0,0.5,0.0,0.0,0.0,3.51176458792373
261,4.45,0.0,0.0,0.0,0.25,3.0,0.0,0.0,0.0,0.5,0.0,0.0,0.0,2.90968258501948
262,4.93,0.0,0.0,0.0,0.25,3.0,0.0,0.0,0.0,0.5,0.0,0.0,0.0,2.97872130865437
263,4.46,0.0,0.0,0.0,0.0,2.75,0.0,0.0,0.0,0.5,0.0,0.0,0.0,3.55034454440852
264,5.05,0.0,0.0,0.0,0.0,2.75,0.0,0.0,0.0,0.5,0.0,0.0,0.0,3.6103265115156
265,4.49,0.0,0.0,0.0,0.25,2.75,0.0,0.0,0.0,0.5,0.0,0.0,0.0,3.09851001475311
266,5.0,0.0,0.0,0.0,0.0,3.25,0.0,0.0,0.0,0.5,0.0,0.0,0.0,3.23858194022427
267,4.51,0.0,0.0,0.0,0.0,3.25,0.0,0.0,0.0,0.5,0.0,0.0,0.0,4.20624087772003
268,5.07,0.0,0.0,0.0,0.0,3.0,0.0,0.0,0.0,0.5,0.0,0.0,0.0,3.36324914079742
269,4.91,0.0,0.0,0.0,0.0,2.5,0.0,0.25,0.0,0.25,1.25,0.0,0.0,2.8778179081624
270,4.47,0.0,0.0,0.0,0.0,2.75,0.0,0.0,0.0,0.5,0.0,0.0,0.0,4.29600994587601
271,4.97,0.0,0.0,0.0,0.0,2.75,0.0,0.0,0.0,0.5,0.0,0.0,0.25,3.50849256640196
272,4.54,0.0,0.0,0.0,0.0,2.75,0.0,0.0,0.0,0.5,0.0,0.0,0.25,3.47099520129116
273,4.47,0.0,0.0,0.0,0.0,3.25,0.0,0.0,0.0,0.5,0.0,0.0,0.25,4.03007998644066
274,5.14,0.0,0.0,0.0,0.0,3.25,0.0,0.0,0.0,0.5,0.0,0.0,0.25,4.97823729206616
275,4.51,0.0,0.0,0.0,0.0,3.0,0.0,0.25,0.0,0.5,0.0,0.0,0.25,4.18739493418658
276,5.05,0.0,0.0,0.0,0.0,3.0,0.0,0.25,0.0,0.5,0.0,0.0,0.25,3.87275532347075
277,4.98999999999999,0.0,0.0,0.0,0.0,2.75,0.0,0.5,0.0,0.5,0.0,0.0,0.25,2.40228279523902
278,4.44,0.0,0.0,0.0,0.0,3.25,0.0,0.0,0.0,0.5,0.0,0.0,0.0,2.19206523185771
279,4.95,0.0,0.0,0.0,0.0,3.25,0.0,0.0,0.0,0.5,0.0,0.0,0.0,2.49124673762616
280,4.47,0.0,0.0,0.0,0.0,3.0,0.0,0.0,0.0,0.5,0.0,0.0,0.0,2.35131483502808
281,5.02999999999999,0.0,0.0,0.0,0.0,3.0,0.0,0.0,0.0,0.5,0.0,0.0,0.0,2.29442304617584
282,5.0,0.0,0.0,0.0,0.0,2.75,0.0,0.0,0.0,0.5,0.0,0.0,0.0,2.57951084866231
283,4.5,0.0,0.0,0.0,0.0,3.25,0.0,0.0,0.0,0.5,0.0,0.0,0.25,2.68732014354085
284,4.91,0.0,0.0,0.0,0.0,3.25,0.0,0.0,0.0,0.5,0.0,0.0,0.25,3.38921459757319
285,4.49,0.0,0.0,0.0,0.0,3.25,0.0,0.25,0.0,0.5,0.0,0.0,0.25,3.03021864749338
286,4.98999999999999,0.0,0.0,0.0,0.0,3.25,0.0,0.25,0.0,0.5,0.0,0.0,0.25,2.17690847872089
287,4.5,0.0,0.0,0.0,0.0,2.5,0.0,0.75,0.0,0.5,0.0,0.0,0.25,3.00511041973587
