,10_Pt/TiO2,20_Xylose-0.25M,21_NaOH-0.5M,22_CitricAcid-0.5M,23_AcidYellow73,24_AcidViolet43,25_AcidGreen1,Target
0,0.95,0.25,1.25,0.25,0.0,0.5,1.25,0.1085239853771902
1,2.0,0.75,0.25,0.0,0.5,1.5,1.25,0.1091575221844601
2,3.44,0.75,0.75,0.0,0.25,1.75,0.75,0.1575913514209991
3,4.02,0.5,0.5,1.25,0.75,0.25,0.25,5.429727505659166
4,2.99,0.5,0.0,1.25,1.25,0.75,0.25,3.374911030380203
5,3.5,1.75,0.25,0.0,1.25,0.5,0.5,1.345190581675219
6,4.47,0.75,0.0,0.0,2.75,0.0,0.25,2.616408957388925
7,3.53,1.0,0.0,2.75,0.0,0.25,0.25,4.726815901051385
8,4.4,1.0,0.25,0.5,0.75,0.0,1.5,5.610544589962037
9,2.02,1.0,0.0,0.75,0.5,0.0,0.5,4.364797838402088
10,1.01,0.5,1.0,1.5,0.0,1.0,0.0,1.583491157499447
11,2.54,0.5,1.5,0.5,0.25,0.0,0.5,1.210726190411093
12,2.0,0.75,0.75,1.5,0.25,0.5,0.0,3.460854722490978
13,2.97,2.0,0.0,0.0,0.0,0.0,0.0,3.459683728389686
14,2.96,2.0,0.0,0.0,0.0,0.0,0.0,2.530330986979623
15,4.39,0.5,0.0,0.0,2.25,0.5,0.25,0.8919822910477128
16,1.01,0.25,0.0,0.0,0.25,0.25,0.25,0.1178543731685828
17,4.45,1.5,0.5,1.25,0.25,0.5,0.0,6.123461698444618
18,2.9,3.0,0.5,1.0,0.0,0.0,0.0,6.791710449067839
19,2.41,2.25,1.0,0.25,0.0,0.0,0.25,2.09042742960284
20,3.93,1.5,1.0,0.25,1.0,0.0,0.5,1.991618927873885
21,3.42,0.25,0.25,0.5,0.0,1.25,0.25,4.509479051484576
22,3.5,1.0,0.75,0.0,0.0,1.75,0.25,0.2634790247329515
23,0.9600000000000001,0.25,0.0,1.5,0.0,2.0,0.0,1.066754796255515
24,3.43,0.25,0.75,0.25,1.25,0.0,1.25,1.189057464335274
25,4.54,0.25,0.0,3.0,0.0,1.0,0.0,5.30570556503407
26,4.5,0.25,0.25,0.25,1.75,1.0,0.75,6.138495560829508
27,4.48,0.25,0.75,3.25,0.0,0.0,0.0,8.171543546512126
28,2.95,2.0,0.0,0.0,0.0,0.0,0.0,3.965831461146501
29,3.08,2.0,0.0,0.0,0.0,0.0,0.0,3.145697677525089
30,3.95,0.25,1.0,0.75,0.25,1.0,0.75,2.841854375909122
31,2.47,1.0,0.25,0.75,0.25,0.5,1.0,2.650363632440104
32,4.47,1.25,0.5,0.25,0.75,0.25,0.5,7.190380342008373
33,3.98,2.0,0.5,0.0,0.0,1.0,0.25,1.343785790335394
34,3.94,1.0,0.25,0.0,2.75,0.25,0.25,3.154356674492267
35,4.48,0.25,0.0,0.0,0.5,0.0,2.5,0.06956822281028338
36,0.98,0.75,1.0,0.0,1.0,0.5,0.25,0.1166393346212089
37,4.57,0.25,2.5,0.0,0.0,0.25,0.5,0.6570118045906397
38,3.48,1.0,0.0,0.5,0.5,0.75,0.75,5.466889917195855
39,3.96,0.25,1.75,0.75,0.25,0.0,0.25,10.03447266364105
40,3.05,1.25,1.5,0.75,0.5,0.0,0.25,6.045307591722678
41,3.03,1.0,0.25,0.0,0.5,0.5,0.75,0.6123496577683994
42,4.460000000000001,1.5,0.0,0.25,0.5,1.25,0.0,6.486933849311367
43,2.97,2.0,0.0,0.0,0.0,0.0,0.0,3.897412666465578
44,2.9,2.0,0.0,0.0,0.0,0.0,0.0,2.943383659703978
45,0.5,0.5,0.25,0.0,0.0,0.75,0.0,0.2083158675950398
46,0.9700000000000001,0.5,0.25,0.0,0.0,2.5,0.0,0.1687026581301502
47,0.9600000000000001,0.5,0.25,0.25,0.0,1.5,0.0,0.9566996651827083
48,1.68,0.5,0.25,0.0,0.0,2.25,0.0,0.3877701201099895
49,1.1,0.5,0.25,0.0,0.0,2.25,0.0,0.266616437579652
50,1.02,0.5,0.25,0.25,0.0,1.25,0.0,1.10562673508984
51,1.06,0.5,0.25,0.0,0.0,1.75,0.0,0.292561256912562
52,0.46,0.5,0.25,0.25,0.0,3.5,0.0,0.2246111465457183
53,0.94,0.25,0.25,0.0,0.0,1.75,0.0,0.2593392227610823
54,1.42,0.25,0.25,0.0,0.0,1.75,0.0,0.755982932468937
55,1.34,0.25,0.25,0.25,0.0,1.75,0.0,1.22444408829668
56,0.38,0.25,0.25,0.0,0.0,3.25,0.0,0.1487667481586092
57,3.06,0.25,0.25,0.25,0.0,3.0,0.0,3.3612401991534
58,2.89,2.0,0.0,0.0,0.0,0.0,0.0,3.285992023380767
59,2.89,2.0,0.0,0.0,0.0,0.0,0.0,2.918151886358359
60,1.99,0.25,0.25,3.5,0.0,0.0,0.0,1.425764506346931
61,1.97,0.25,0.25,4.0,0.0,0.0,0.0,3.209677292315303
62,1.45,0.25,0.25,4.0,0.0,0.0,0.0,3.285124519581795
63,4.0,0.25,0.25,2.25,0.0,0.25,0.0,5.840768874851532
64,4.47,0.25,0.25,2.25,0.0,0.25,0.0,6.696620491117698
65,1.0,0.25,0.25,4.25,0.0,0.0,0.0,2.194700102154305
66,4.42,0.25,0.25,3.25,0.0,0.0,0.0,5.823589086346664
67,3.9,0.25,0.25,1.75,0.0,1.0,0.0,4.472718239739178
68,4.5,0.25,0.25,2.25,0.0,0.75,0.0,5.786681301066487
69,3.49,0.25,0.25,2.5,0.0,0.0,0.0,6.540315565159462
70,1.47,0.25,0.25,3.75,0.0,0.25,0.0,2.865780211005582
71,4.62,0.25,4.5,0.0,0.0,0.0,0.0,2.117205959436648
72,4.51,0.25,4.75,0.0,0.0,0.0,0.0,1.655403933792726
73,2.95,2.0,0.0,0.0,0.0,0.0,0.0,3.628869715380313
74,2.98,2.0,0.0,0.0,0.0,0.0,0.0,2.756104574465542
75,0.45,0.5,1.25,0.75,0.25,0.0,0.5,1.407982313708954
76,0.47,1.25,0.25,0.75,0.5,0.0,0.5,1.723229255189756
77,0.41,0.75,0.0,0.75,1.25,0.25,0.25,1.41552253181479
78,0.5,0.25,0.75,0.5,1.75,0.0,0.5,1.346169582935908
79,0.47,1.25,1.25,0.75,0.25,0.75,0.0,1.105023594885559
80,0.49,0.25,1.25,1.0,0.0,0.0,1.0,1.79412332391077
81,0.49,1.25,0.5,0.75,0.0,0.5,1.0,0.8060812467653523
82,0.48,0.25,0.5,0.5,2.0,0.0,0.0,1.030379201777543
83,0.44,0.5,1.25,1.0,0.5,0.0,1.0,1.258816983852986
84,0.45,1.0,0.25,0.75,1.5,0.5,0.25,1.15411936966253
85,0.49,0.75,0.0,0.75,1.75,0.0,1.0,1.858887500381702
86,0.47,0.5,0.25,0.5,0.0,0.25,0.25,1.623249738261999
87,0.48,0.5,0.25,1.0,0.0,0.25,0.75,1.386790937471377
88,3.07,2.0,0.0,0.0,0.0,0.0,0.0,3.461044190966301
89,2.91,2.0,0.0,0.0,0.0,0.0,0.0,2.438961837764327
90,0.48,0.25,1.5,1.0,1.75,0.0,0.0,0.5912274433983783
91,0.55,2.5,0.0,0.75,0.25,0.0,0.25,1.673668704219477
92,0.5199999999999999,0.75,0.25,1.0,1.0,0.25,0.5,1.295052408306473
93,0.54,0.75,1.0,1.0,0.25,0.25,0.25,1.498676192441657
94,0.5,0.75,0.25,1.0,0.0,0.5,1.75,1.038641073344611
95,0.51,1.5,0.25,0.75,0.5,0.5,0.5,1.242395794463353
96,0.44,0.25,0.25,0.75,0.0,0.0,3.0,0.7965550927442386
97,0.48,2.0,1.25,0.75,0.0,0.0,0.25,2.162774166815734
98,0.42,0.25,0.25,0.75,2.0,0.5,0.0,1.772465701914868
99,0.49,0.5,1.0,0.75,1.0,0.0,0.75,1.90931858273741
100,0.5199999999999999,0.5,0.75,1.0,0.25,0.0,0.75,1.882249703915267
101,0.42,0.25,1.0,1.0,1.0,0.5,0.25,1.278725307322709
102,0.5,0.75,0.25,1.0,0.5,0.25,0.75,1.780310444283635
103,2.97,2.0,0.0,0.0,0.0,0.0,0.0,4.112023289333875
104,3.03,2.0,0.0,0.0,0.0,0.0,0.0,3.307760774640943
105,0.5599999999999999,0.25,1.75,0.75,0.0,0.0,0.0,0.4326691410240486
106,0.48,0.25,1.75,0.75,0.0,0.25,0.0,0.7152209656468335
107,0.51,0.25,1.75,0.75,0.0,0.5,0.0,0.9104149307900717
108,0.43,0.25,1.75,0.75,0.0,0.75,0.0,1.003538796075128
109,0.45,0.25,1.75,0.75,0.0,1.25,0.0,0.915134288811746
110,0.4,0.25,1.75,0.75,0.0,1.5,0.0,0.6519684589014803
111,0.46,1.5,0.0,0.25,1.0,0.0,0.5,1.681466222454491
112,0.47,0.25,1.75,0.75,0.0,1.0,0.0,1.098195323480325
113,0.49,1.5,0.0,0.25,1.0,0.25,0.5,1.593675939422793
114,0.45,0.25,1.75,0.75,0.0,1.75,0.0,0.8720401043815074
115,0.44,1.5,0.0,0.25,1.0,0.75,0.5,0.7752199583394553
116,0.42,1.5,0.0,0.25,1.0,0.5,0.5,1.310479162319396
117,2.49,0.25,2.0,0.75,0.25,0.25,0.25,5.185697719789989
118,2.98,2.0,0.0,0.0,0.0,0.0,0.0,4.078284444490277
119,3.06,2.0,0.0,0.0,0.0,0.0,0.0,3.458465330089141
120,0.41,1.75,0.0,0.25,1.25,0.0,0.5,0.8138085130613205
121,0.45,1.75,0.0,0.25,1.5,0.0,0.5,0.7174872050414907
122,0.5199999999999999,1.75,0.0,0.25,1.5,0.25,0.5,0.8518929341101322
123,1.53,0.5,1.75,1.0,0.0,0.0,0.0,4.02941624708158
124,0.58,1.75,0.0,0.25,1.5,0.5,0.5,0.9105256153811954
125,2.45,0.5,1.75,1.0,0.5,0.5,0.0,3.413941268710145
126,2.0,0.25,2.0,0.75,0.0,0.25,0.25,1.473880732479814
127,2.59,0.5,1.75,1.0,0.5,0.25,0.0,3.599289538728972
128,3.42,0.25,1.75,1.0,0.0,0.5,0.25,4.961280826722312
129,3.05,0.25,1.5,1.0,0.0,0.75,0.0,4.400389171290171
130,0.5599999999999999,2.0,0.0,0.25,1.5,0.0,0.5,0.8811427965959552
131,3.95,0.25,2.25,0.75,0.25,0.25,0.0,2.384816838823004
132,3.01,0.5,2.25,0.75,0.5,0.25,0.25,1.383058007370445
133,2.96,2.0,0.0,0.0,0.0,0.0,0.0,3.082256462942973
134,2.98,2.0,0.0,0.0,0.0,0.0,0.0,2.842758602763852
135,1.44,0.25,1.75,0.75,0.25,0.25,0.0,1.568984402246811
136,0.98,0.25,1.75,0.75,0.25,0.25,0.0,1.81120978139702
137,0.49,0.25,1.75,0.75,0.25,0.25,0.0,0.9870229981694656
138,0.9600000000000001,0.25,1.75,0.75,0.25,0.0,0.0,2.981624099428095
139,0.9600000000000001,0.5,1.75,0.75,0.25,0.25,0.0,3.52366683279637
140,1.6,0.5,1.75,0.75,0.25,0.0,0.0,3.685497714972224
141,0.95,0.5,1.75,0.75,0.25,0.0,0.0,2.436616615730381
142,1.47,0.5,1.75,0.75,0.25,0.5,0.0,3.19022155876067
143,1.97,0.5,1.75,0.75,0.25,0.0,0.0,6.052836822280655
144,1.48,0.5,1.75,0.75,0.25,0.25,0.0,4.547521790372373
145,2.58,0.5,1.75,0.75,0.25,0.25,0.0,5.16818988483425
146,2.49,0.5,1.75,0.75,0.25,0.0,0.0,4.976875019123844
147,3.01,0.5,1.75,0.75,0.25,0.0,0.0,6.522291091157912
148,2.97,2.0,0.0,0.0,0.0,0.0,0.0,3.9143531036743
149,2.99,2.0,0.0,0.0,0.0,0.0,0.0,3.151019859113552
150,2.02,0.5,1.75,0.75,0.25,0.75,0.0,1.919296870685528
151,1.88,0.5,1.75,0.75,0.25,0.25,0.0,3.688956711882717
152,2.14,0.5,1.75,0.75,0.25,0.5,0.0,3.0357644542575
153,0.46,0.75,2.0,0.75,0.25,0.0,0.0,1.072839034175857
154,1.91,0.75,2.0,0.75,0.25,0.0,0.0,3.268653795289839
155,0.92,0.75,2.0,0.75,0.25,0.25,0.0,2.63789401351258
156,1.48,0.75,2.0,0.75,0.25,0.5,0.0,3.185120548601707
157,0.9600000000000001,0.75,2.0,0.75,0.25,0.0,0.0,2.524102786937996
158,1.98,0.75,2.0,0.75,0.25,0.25,0.0,3.639349055386813
159,2.47,0.75,2.0,0.75,0.25,0.25,0.0,3.269465329494892
160,1.51,0.75,2.0,0.75,0.25,0.0,0.0,3.28974262470495
161,0.5,1.0,2.0,0.75,0.0,0.0,0.0,1.807854752387723
162,1.41,1.0,2.0,0.75,0.0,0.0,0.0,3.673081475320106
163,3.41,2.0,0.0,0.0,0.0,0.0,0.0,3.678335694343364
164,2.97,2.0,0.0,0.0,0.0,0.0,0.0,1.880473491270227
165,0.42,1.5,0.5,1.0,0.25,0.5,0.0,0.4458851020717006
166,0.41,1.0,0.5,0.75,0.25,1.0,0.25,0.5087555635774119
167,0.4,0.25,0.25,2.5,0.0,1.0,0.0,0.6883126017960458
168,0.4,1.25,0.5,0.75,0.25,0.0,0.25,1.614716618686652
169,0.48,1.0,0.5,1.0,0.25,0.0,0.25,1.586551465492596
170,0.48,1.0,0.25,0.75,0.25,0.0,2.0,1.32737492093267
171,0.47,1.0,0.5,0.75,0.25,0.0,1.75,1.318572957251985
172,0.46,1.25,0.5,1.0,0.25,1.5,0.0,0.9411217374306471
173,0.49,1.0,0.5,0.75,0.25,0.0,1.0,1.855277002694105
174,0.47,1.25,0.5,1.0,0.25,0.25,1.0,1.275989231786881
175,0.48,0.75,0.5,1.0,0.25,0.25,0.75,1.277748071919513
176,0.48,1.0,0.5,0.75,0.25,0.75,0.25,1.127572293164268
177,0.45,0.25,0.25,2.75,0.0,0.25,1.25,1.229780553500982
178,2.96,2.0,0.0,0.0,0.0,0.0,0.0,3.304597806733992
179,3.01,2.0,0.0,0.0,0.0,0.0,0.0,3.296735686687291
180,0.44,1.25,0.5,0.75,0.25,0.0,0.0,1.056504315193929
181,0.5199999999999999,1.25,0.0,0.5,0.25,0.0,2.25,0.8114894089968109
182,0.49,1.25,0.5,0.75,0.25,0.5,0.25,0.8984785419034941
183,0.5199999999999999,0.5,0.5,0.75,0.5,0.75,0.25,0.948278507985575
184,0.55,0.25,0.25,2.75,0.0,0.75,0.0,0.9260881990156169
185,0.46,1.25,0.25,0.75,0.25,0.5,0.0,0.92952515365947
186,0.44,1.0,0.5,0.75,0.25,0.5,0.0,0.4910309857310519
187,0.46,1.25,0.5,0.75,0.25,0.5,0.5,0.9620979756027609
188,0.45,1.0,0.5,0.75,0.25,0.0,0.75,1.453541678894082
189,0.48,1.0,0.5,0.75,0.25,0.25,1.5,1.153332289535296
190,0.42,1.0,0.25,0.75,0.25,0.25,0.0,1.039626451861088
191,0.53,0.25,0.25,2.75,0.0,0.0,0.25,1.543714323804655
192,0.54,1.25,0.25,0.75,0.25,1.25,0.0,0.7900593484527202
193,2.96,2.0,0.0,0.0,0.0,0.0,0.0,3.647521971297542
194,2.96,2.0,0.0,0.0,0.0,0.0,0.0,2.637811343049662
195,0.47,1.0,0.25,0.5,0.75,0.5,0.0,0.4104240205238427
196,0.51,0.75,0.25,0.5,0.75,0.5,0.75,0.7399090275816351
197,0.5,0.75,1.25,0.75,0.25,0.25,0.0,1.231070564819846
198,0.49,1.5,0.25,0.25,1.0,0.25,0.5,1.740045203185767
199,0.43,1.25,0.5,1.25,1.25,0.0,0.0,1.553636339741852
200,0.44,1.25,0.25,0.75,0.0,0.5,1.25,0.9045337039647245
201,0.47,0.75,0.25,0.5,0.5,0.5,0.0,1.052124166178685
202,0.49,1.5,0.25,0.75,0.0,0.25,0.0,1.615259268997328
203,0.57,1.0,0.25,0.5,0.5,0.5,0.25,1.261913060961631
204,0.47,0.75,0.25,0.5,0.75,0.25,0.75,1.24353601749317
205,0.47,1.25,0.25,0.5,0.5,0.25,0.25,1.335893482709543
206,0.49,1.0,0.25,0.25,0.25,0.25,1.75,1.348450571705164
207,0.51,0.25,0.25,3.0,0.0,0.0,0.5,1.569628235284004
208,2.91,2.0,0.0,0.0,0.0,0.0,0.0,3.603526497736638
209,3.08,2.0,0.0,0.0,0.0,0.0,0.0,2.706385403236571
210,0.46,1.0,0.25,0.5,0.75,0.25,0.25,0.696187908299624
211,0.48,0.75,0.25,0.5,0.75,0.5,0.5,0.6626006559484255
212,0.51,1.0,0.25,0.5,0.5,0.25,0.25,1.248071828879728
213,0.48,0.75,0.25,0.5,0.5,0.5,0.25,1.033245886137872
214,0.47,0.25,0.5,0.5,1.25,0.25,0.5,1.196526318548312
215,0.49,1.0,0.25,0.5,0.5,0.25,0.0,1.041870294343068
216,0.49,1.0,1.25,1.0,0.75,0.25,0.0,1.394432965009026
217,0.49,0.75,0.25,0.5,0.75,0.5,0.25,1.216338884351194
218,0.48,0.75,0.5,0.5,1.0,0.25,0.5,1.455017630458933
219,0.49,1.25,0.25,0.75,0.5,0.0,1.25,1.894070524744024
220,0.47,0.75,0.25,1.5,0.0,0.25,1.5,0.7906464192835482
221,0.55,1.0,0.25,0.5,0.75,0.5,0.75,0.8394194430812577
222,0.44,0.75,0.25,0.5,0.75,0.5,0.75,0.986557112637092
223,2.98,2.0,0.0,0.0,0.0,0.0,0.0,3.458171177681114
224,3.01,2.0,0.0,0.0,0.0,0.0,0.0,2.612285554129486
225,0.51,1.25,0.5,1.0,0.25,0.0,0.0,1.825837240484986
226,0.51,1.75,0.25,1.25,0.0,0.0,0.75,1.201603535606373
227,0.5,1.25,0.5,1.0,0.25,0.0,0.25,1.655204602931103
228,0.47,0.5,0.25,0.5,1.0,0.5,0.75,0.8297426112632799
229,0.45,1.0,0.0,0.75,0.75,0.5,0.0,0.9101075871738772
230,0.49,0.5,0.5,0.25,0.5,0.75,1.5,0.707545045414895
231,0.5199999999999999,1.25,0.25,1.0,0.25,0.0,0.25,2.079098802395893
232,0.5,1.0,0.0,0.25,1.5,0.5,1.0,1.038689065745602
233,0.46,1.0,0.25,1.5,1.0,0.25,0.0,1.297161185138342
234,0.44,0.75,1.0,0.75,0.25,0.25,0.0,1.146123767682434
235,0.44,0.25,0.25,3.0,0.0,0.0,0.0,2.383869841969427
236,0.49,1.0,0.25,0.5,1.5,0.75,0.0,1.264039598616275
237,0.61,1.0,0.5,1.0,0.5,0.0,0.25,1.998190609486966
238,2.98,2.0,0.0,0.0,0.0,0.0,0.0,3.105443980830596
239,3.05,2.0,0.0,0.0,0.0,0.0,0.0,2.328390291542609
240,0.41,2.75,0.25,1.0,0.0,0.0,0.5,0.8762154055670008
241,0.44,1.0,0.0,2.0,1.25,0.0,0.25,0.976778242120252
242,0.5199999999999999,1.25,0.0,0.75,0.5,0.25,1.0,0.8876615862165481
243,0.47,0.5,0.25,0.5,1.5,0.75,0.0,1.001935064989498
244,0.51,1.0,0.5,0.5,0.5,0.5,0.0,1.405405883938578
245,0.44,0.75,0.0,0.5,0.5,0.5,0.25,0.8937018268830774
246,0.39,1.0,0.0,0.5,0.5,0.5,0.5,0.8096138068288762
247,0.49,0.75,0.25,0.5,0.5,0.5,0.25,1.383316326164741
248,0.43,1.5,0.25,1.5,0.5,0.0,0.0,2.253972060769556
249,0.51,1.25,0.75,1.0,0.5,0.0,0.5,2.128975439550011
250,0.48,0.75,0.0,0.5,0.5,0.25,0.5,1.047019191275967
251,0.64,1.0,0.0,0.5,0.5,0.25,0.5,1.173873846744752
252,0.53,0.75,0.0,0.5,1.25,0.75,1.0,0.7781559836130871
253,3.04,2.0,0.0,0.0,0.0,0.0,0.0,3.792384714582687
254,2.95,2.0,0.0,0.0,0.0,0.0,0.0,3.106803724296733
255,0.44,1.75,0.0,0.25,0.5,0.0,1.25,0.4829464970860013
256,0.41,0.75,0.0,0.5,0.5,0.5,0.5,0.6067476560460521
257,0.46,1.0,0.25,1.0,0.25,0.0,0.25,1.594176710353527
258,0.5599999999999999,1.0,0.25,0.5,0.5,0.25,0.25,1.042828759900543
259,0.49,1.25,0.25,1.0,0.25,0.0,0.0,1.886226735381026
260,0.44,1.0,0.0,0.5,0.5,0.25,0.25,0.6901788115382151
261,0.47,1.0,0.25,0.5,0.5,0.5,0.0,0.9833770676396518
262,0.46,1.75,0.25,0.75,0.25,0.5,0.25,1.042850708501041
263,0.54,1.25,0.5,0.5,0.75,0.75,0.0,1.106903193225224
264,0.44,0.75,1.5,0.75,0.25,0.25,0.0,1.476084551091823
265,0.46,1.0,0.0,0.5,0.5,0.5,0.25,0.6102173724874216
266,0.46,1.75,0.5,0.5,0.75,0.25,0.5,1.346248571670267
267,0.47,0.25,0.25,2.75,0.0,0.0,0.0,1.740823098228453
268,3.02,2.0,0.0,0.0,0.0,0.0,0.0,3.193954791295504
269,0.47,0.75,0.25,1.25,0.75,0.0,0.75,0.8799224083427395
270,0.48,1.0,0.0,0.5,0.5,0.5,0.25,0.6039872978236689
271,0.5199999999999999,0.5,0.0,0.5,0.5,0.5,0.75,0.7747746413103078
272,0.42,1.0,0.25,0.5,0.5,0.5,0.25,1.18054177236543
273,0.47,0.75,0.25,1.0,0.0,0.0,0.0,2.103393552497069
274,0.41,0.5,1.25,0.75,0.5,0.5,0.0,1.238078463570436
275,0.47,1.0,0.0,0.5,0.25,0.25,0.25,0.6693548626513787
276,0.46,0.75,0.0,0.5,0.5,0.25,0.75,1.133365469546876
277,0.47,0.75,1.5,0.75,0.25,0.25,0.0,2.033395111375045
278,0.45,1.0,0.0,0.5,0.5,0.5,0.5,1.032640012709507
279,0.44,1.0,0.25,0.75,1.0,0.25,0.75,1.095098560238026
280,0.58,0.25,0.5,1.25,0.5,0.0,1.25,1.559636453257326
281,0.54,1.5,0.0,0.25,1.0,0.25,1.0,0.8076253577136168
282,2.98,2.0,0.0,0.0,0.0,0.0,0.0,3.717729523624004
283,2.93,2.0,0.0,0.0,0.0,0.0,0.0,2.832316318423388
284,0.53,0.75,0.0,0.5,0.5,0.5,0.75,0.2812365539325156
285,0.47,0.75,0.0,0.5,0.5,0.5,0.5,0.4692989731857263
286,0.49,1.0,1.5,0.75,0.25,0.25,0.0,1.279243235566587
287,0.51,0.75,0.0,0.5,0.5,0.5,0.25,0.9601548436019474
288,0.41,0.25,0.25,3.0,0.0,0.0,0.5,1.292314593409531
289,0.5,1.5,0.5,1.0,0.25,0.5,0.5,0.9505824977899495
290,0.45,1.0,0.0,0.5,0.5,0.25,0.5,1.024371090681875
291,0.46,0.5,0.5,0.75,0.25,0.5,0.0,1.223458869554998
292,0.49,0.5,1.5,0.75,0.25,0.25,0.25,1.362792299811896
293,0.42,1.5,0.25,0.75,0.5,0.25,1.0,1.430737082439313
294,0.51,1.0,0.5,1.0,0.5,0.5,0.0,1.320407015129771
295,0.43,1.75,0.5,0.5,0.5,0.75,0.0,1.220319642945141
296,0.45,1.0,0.25,0.5,0.5,0.5,0.0,1.344483094558672
297,3.09,2.0,0.0,0.0,0.0,0.0,0.0,3.466985933848115
298,2.99,2.0,0.0,0.0,0.0,0.0,0.0,2.548740622721953
299,0.48,0.75,0.25,0.25,0.5,0.25,0.5,0.985019047675717
300,0.43,0.5,0.25,0.25,0.5,0.25,0.25,1.010348555710703
301,0.48,1.25,0.25,0.5,0.0,0.5,0.75,0.8545695143880807
302,0.49,0.75,0.25,0.25,0.5,0.25,0.25,1.657025255863735
303,0.46,0.25,0.0,2.25,0.0,0.0,0.75,1.112010541604035
304,0.49,0.75,1.5,0.75,0.25,0.25,0.0,1.44788339764288
305,0.49,0.5,0.25,1.0,0.5,0.25,1.25,1.241841811563006
306,0.57,0.75,0.25,1.25,0.5,0.5,0.0,1.902038458592577
307,0.5,1.0,0.25,0.25,0.5,0.25,0.5,1.691589580358379
308,0.45,0.25,0.25,3.0,0.0,0.0,0.0,1.833456994344104
309,0.58,3.0,0.5,1.25,0.0,0.0,0.0,2.062216489696396
310,0.46,1.0,0.25,0.25,0.5,0.25,0.25,1.388106103906326
311,0.44,1.25,0.5,1.0,0.0,0.0,0.25,1.93647258297277
312,2.98,2.0,0.0,0.0,0.0,0.0,0.0,3.952068023668356
313,2.98,2.0,0.0,0.0,0.0,0.0,0.0,3.044431138463359
314,0.42,1.25,0.5,1.0,0.25,0.0,0.0,1.145897566468296
315,0.48,1.5,0.25,1.0,0.5,0.25,0.0,1.436456809650018
316,0.49,1.25,0.5,1.0,0.25,0.0,0.25,1.562660245949373
317,0.49,2.0,0.0,0.5,0.5,0.25,1.0,0.9537138776274962
318,0.3,2.0,0.5,0.25,0.25,0.25,0.75,1.398478513071608
319,0.49,1.0,0.25,1.25,0.5,0.25,0.25,1.173586971380779
320,0.39,0.5,0.25,0.25,0.5,0.25,1.75,0.8960481311319677
321,0.5,0.5,0.25,0.25,0.75,0.5,1.25,1.078416844670162
322,0.43,1.75,0.25,1.0,0.0,0.0,0.25,1.759295141375593
323,0.46,0.5,0.5,1.5,0.0,0.0,0.0,1.835327594251509
324,0.48,0.75,0.5,1.0,0.25,0.0,0.0,1.713394293039609
325,0.45,0.25,1.5,0.75,0.5,0.5,0.5,1.116807521771691
326,0.42,0.75,0.25,1.0,0.0,0.25,1.5,0.9657067507688991
327,3.01,2.0,0.0,0.0,0.0,0.0,0.0,3.716756212091321
328,3.06,2.0,0.0,0.0,0.0,0.0,0.0,2.660542749878713
329,0.46,0.25,1.75,1.0,0.25,0.25,0.0,0.5589758032886113
330,0.48,0.75,0.25,0.25,0.5,0.5,0.75,0.8085436982363239
331,0.5199999999999999,1.75,0.25,0.5,0.0,0.25,0.0,1.443004976281502
332,0.54,0.75,0.25,0.25,0.5,0.5,0.5,1.103775471478114
333,0.44,1.0,0.25,0.25,0.5,0.5,0.5,1.342475888957775
334,0.47,1.0,0.25,0.25,0.5,0.25,0.5,1.099986572405954
335,0.4,1.0,0.5,0.75,0.0,0.75,0.5,0.8085584002843076
336,0.49,0.75,0.25,0.25,0.75,0.5,0.5,1.285201952139049
337,0.47,0.75,1.5,0.75,0.25,0.25,0.0,1.813298666684499
338,0.5199999999999999,0.75,1.5,0.75,0.5,0.25,0.0,1.866322086476241
339,0.47,1.0,0.25,0.5,1.0,0.0,0.5,1.240520230010002
340,0.45,1.25,0.5,0.75,0.0,0.0,0.5,1.43260791256808
341,0.5199999999999999,1.0,0.25,0.25,0.5,0.25,0.25,1.593893323999049
342,3.01,2.0,0.0,0.0,0.0,0.0,0.0,4.283846421813264
343,3.09,2.0,0.0,0.0,0.0,0.0,0.0,3.268400621685368
344,4.029999999999999,0.25,1.5,0.75,0.25,0.0,0.0,6.454315838010861
345,4.11,0.25,1.5,0.75,0.0,0.0,0.0,7.362528365161138
346,3.95,0.25,1.5,0.75,0.75,0.0,0.0,6.009728601953907
347,3.94,0.25,1.5,0.75,0.5,0.0,0.0,6.082220488728003
348,4.01,0.25,1.5,0.75,1.0,0.0,0.0,5.971727900957436
349,3.95,0.25,1.5,0.75,1.25,0.0,0.0,8.452933532584158
350,3.96,0.25,1.5,0.75,1.75,0.0,0.0,8.545259465481756
351,4.0,0.25,1.5,0.75,1.5,0.0,0.0,7.734197059656741
352,4.48,0.25,0.5,2.75,0.0,0.0,0.0,6.813500902569926
353,4.159999999999999,0.25,1.5,0.75,2.0,0.0,0.0,6.378293526362276
354,4.43,0.75,1.75,0.75,0.5,0.0,0.25,10.26208264236901
355,4.48,0.25,0.5,2.75,0.25,0.0,0.0,8.047209575673245
356,4.45,0.25,1.5,0.75,0.25,0.0,0.0,8.493763899189887
357,3.0,2.0,0.0,0.0,0.0,0.0,0.0,3.383638824035246
358,2.94,2.0,0.0,0.0,0.0,0.0,0.0,2.423160156685976
359,4.51,0.25,1.5,0.75,0.75,0.0,0.0,4.825141378388629
360,4.56,0.5,1.5,0.75,1.0,0.0,0.0,5.852889295120832
361,4.51,0.5,1.5,0.75,0.25,0.0,0.0,7.375859399040857
362,4.45,0.5,1.5,0.75,0.75,0.0,0.0,7.889332848020044
363,4.52,0.5,1.5,0.75,0.0,0.0,0.0,8.352945410709092
364,5.029999999999999,1.0,1.5,0.75,0.5,0.0,0.0,7.655719284839947
365,4.899999999999999,1.0,1.5,0.75,0.0,0.0,0.0,8.004438285783205
366,4.51,1.0,0.75,2.5,0.0,0.0,0.0,7.057672804905874
367,4.48,1.0,0.75,2.5,0.25,0.0,0.0,7.896937452577154
368,4.53,1.25,0.75,2.5,0.0,0.0,0.0,8.044478808478258
369,4.96,1.5,1.5,0.75,0.0,0.0,0.0,8.033248955466684
370,4.92,2.0,1.5,0.75,0.25,0.0,0.0,7.635264840124647
371,4.51,2.0,1.5,0.75,0.25,0.0,0.0,7.506566972514294
372,2.94,2.0,0.0,0.0,0.0,0.0,0.0,3.771236175002973
373,2.99,2.0,0.0,0.0,0.0,0.0,0.0,2.682862444384297
374,3.92,0.25,1.5,0.5,0.0,0.0,0.0,2.212323880032023
375,4.01,0.25,1.5,0.5,0.5,0.0,0.0,4.092791283106747
376,4.02,0.25,1.5,0.5,2.0,0.0,0.0,4.862736502927063
377,3.97,0.25,1.5,0.5,0.25,0.0,0.0,5.00554523047611
378,4.069999999999999,0.25,1.5,0.75,0.25,0.0,0.0,8.342352853843131
379,4.09,0.25,1.5,0.75,0.0,0.0,0.0,7.612753943959381
380,4.19,0.25,1.5,0.75,0.5,0.0,0.0,7.535486942182655
381,3.89,0.25,1.5,0.75,0.75,0.0,0.0,8.154321223652657
382,4.01,0.25,1.5,0.75,1.0,0.0,0.0,9.630909943680294
383,3.89,0.25,1.5,0.75,1.25,0.0,0.0,8.743372522465659
384,3.9,0.25,1.75,0.75,0.0,0.25,0.25,8.445646206990029
385,4.51,0.25,0.5,2.75,0.0,0.0,0.0,7.979458247058833
386,4.47,0.25,0.5,2.75,0.5,0.0,0.0,8.120526778513872
387,3.03,2.0,0.0,0.0,0.0,0.0,0.0,4.501059018428959
388,3.02,2.0,0.0,0.0,0.0,0.0,0.0,3.39870601852983
389,4.63,0.5,1.5,0.75,0.0,0.0,0.0,6.749029857373301
390,4.52,0.5,1.5,0.75,0.25,0.0,0.0,7.856825370934056
391,4.57,0.5,1.5,0.75,1.5,0.0,0.0,8.603592643391217
392,4.91,0.75,1.5,0.75,0.75,0.0,0.0,9.48664252405368
393,4.98,0.75,1.5,0.75,0.0,0.0,0.0,10.67368995389754
394,4.94,0.75,1.5,0.75,0.5,0.0,0.0,6.667876220111236
395,5.02,0.75,1.5,0.75,0.25,0.0,0.0,9.258668694831604
396,4.460000000000001,0.75,0.5,2.5,0.0,0.0,0.0,8.094737949156745
397,4.42,0.75,1.5,0.75,0.25,0.0,0.0,10.10593246093384
398,4.35,0.75,1.5,0.75,0.0,0.0,0.0,10.43067710083661
399,4.49,0.75,0.75,2.5,0.0,0.0,0.0,7.25801245679822
400,5.01,1.5,1.5,0.75,0.0,0.0,0.0,10.06950628822542
401,5.029999999999999,1.5,1.5,0.75,0.25,0.0,0.0,10.46054219734482
402,3.08,2.0,0.0,0.0,0.0,0.0,0.0,3.944481670935049
403,3.07,2.0,0.0,0.0,0.0,0.0,0.0,3.270184728574691
404,3.95,0.75,1.75,0.5,0.25,0.0,0.0,2.904119071295173
405,3.97,0.75,1.75,0.5,0.0,0.0,0.0,3.869929239559434
406,4.069999999999999,0.75,1.75,0.5,0.5,0.0,0.0,4.398419194933321
407,4.01,0.75,1.75,0.5,0.75,0.0,0.0,4.783902982266235
408,4.52,0.75,1.75,0.75,0.25,0.25,0.5,7.998956424336886
409,3.99,0.5,1.75,0.5,1.5,0.0,0.0,4.459640128299507
410,3.98,0.5,1.75,0.75,0.0,0.25,0.0,7.414558636850844
411,3.97,0.75,1.75,0.5,1.0,0.0,0.0,4.9333417333013
412,4.01,1.0,1.75,0.5,0.0,0.0,0.0,5.239977240842753
413,4.0,1.0,1.75,0.5,0.25,0.0,0.0,5.027379406016393
414,3.96,1.0,1.75,0.5,0.5,0.0,0.0,4.804206419044309
415,4.01,0.5,1.75,0.75,0.5,0.25,0.25,7.417540223519246
416,2.94,2.0,0.0,0.0,0.0,0.0,0.0,3.478186098241043
417,3.2,2.0,0.0,0.0,0.0,0.0,0.0,3.042173889022225
418,3.97,1.0,1.75,0.5,1.25,0.0,0.0,2.749748181626043
419,4.41,0.5,1.75,0.75,0.0,0.0,0.0,6.511120238154928
420,4.460000000000001,0.25,1.75,0.75,0.75,0.0,0.0,6.771902745331218
421,4.45,0.5,1.75,0.5,0.5,0.5,0.5,2.380898291393905
422,4.029999999999999,0.75,1.75,1.0,0.0,0.25,0.0,8.587492579374628
423,4.029999999999999,0.75,1.75,0.5,0.25,0.25,0.0,3.515294776177023
424,4.47,0.25,1.75,0.5,1.5,0.25,0.0,3.699187093521604
425,4.0,1.25,1.75,0.5,0.0,0.0,0.0,4.341230816501432
426,3.91,1.0,1.75,0.5,0.0,1.25,0.0,3.599497473092527
427,3.95,1.25,1.75,0.5,0.0,1.25,0.0,3.971361190828844
428,4.05,1.25,1.75,0.5,0.5,0.0,0.0,4.387532975718499
429,4.57,1.25,1.75,0.5,0.0,1.25,0.0,3.748670577434055
430,4.460000000000001,1.25,1.75,0.25,0.0,0.0,0.0,3.476835134148479
431,2.97,2.0,0.0,0.0,0.0,0.0,0.0,3.627030576433902
432,3.06,2.0,0.0,0.0,0.0,0.0,0.0,3.054974840737103
433,3.92,1.0,1.5,0.75,0.0,0.0,0.0,4.983398765470334
434,3.92,1.0,1.5,0.75,0.5,0.0,0.0,5.806648420623554
435,4.05,1.0,1.5,0.75,0.75,0.0,0.0,5.932484209777075
436,3.99,1.0,1.5,0.75,0.25,0.0,0.0,6.426495275391653
437,4.49,0.75,1.5,0.75,0.0,0.75,0.0,8.030497549069002
438,3.99,1.0,1.5,0.75,1.0,0.0,0.0,6.620578834488131
439,4.069999999999999,1.0,1.5,0.75,1.25,0.0,0.0,6.745657157076724
440,4.51,0.75,0.5,2.75,0.25,0.0,0.0,6.46700912320926
441,4.460000000000001,0.75,0.5,2.75,0.0,0.0,0.0,6.958810063357587
442,4.95,1.25,0.25,0.25,1.5,0.0,0.75,7.687864348660341
443,4.44,0.75,1.5,1.0,0.0,1.0,0.0,6.37647069087541
444,4.0,1.0,1.5,1.0,0.0,0.25,0.25,6.849145269021937
445,4.590000000000001,1.0,1.5,0.75,0.0,0.5,0.0,7.791062889545209
446,2.96,2.0,0.0,0.0,0.0,0.0,0.0,3.447837600579585
447,2.96,2.0,0.0,0.0,0.0,0.0,0.0,2.447613221578319
448,4.47,1.0,1.5,0.75,0.25,0.0,0.0,5.298841775350621
449,4.460000000000001,1.25,1.5,0.75,0.0,1.0,0.0,5.656868460510044
450,4.47,1.25,1.5,0.75,0.75,0.0,0.0,7.497049809096894
451,5.02,1.25,1.5,1.0,0.0,0.75,0.0,8.63214475712555
452,4.460000000000001,1.25,1.5,1.0,0.0,0.75,0.0,7.818204776840814
453,4.96,1.25,1.5,1.0,0.25,0.0,0.0,7.586215359305765
454,4.98,1.25,1.5,1.0,0.0,0.0,0.0,8.678585286129259
455,4.57,1.25,1.5,1.0,0.0,0.0,0.0,7.806061876202379
456,5.02,1.25,1.5,1.0,0.75,0.0,0.0,10.2684605920082
457,5.0,2.0,1.25,1.5,0.0,0.0,0.0,9.745226894522242
458,4.48,2.0,1.25,1.5,0.0,0.0,0.0,7.448027153401507
459,4.91,4.0,0.0,0.5,0.0,0.0,0.0,6.434762753829798
460,4.54,4.0,0.0,0.5,0.0,0.0,0.0,8.517106695622042
461,3.03,2.0,0.0,0.0,0.0,0.0,0.0,3.596625877636962
462,3.03,2.0,0.0,0.0,0.0,0.0,0.0,2.90494483516382
463,4.43,1.25,1.5,0.75,0.25,0.0,0.0,5.088254310357152
464,4.51,1.25,1.5,0.75,0.0,0.0,0.0,6.050727423104173
465,4.47,1.25,1.5,0.75,0.5,0.0,0.0,6.265408420645943
466,4.42,1.25,1.5,0.75,0.75,0.0,0.0,7.162678336451311
467,4.47,0.5,1.75,1.0,0.25,1.0,0.0,6.491841609223949
468,4.51,1.25,1.5,0.75,1.0,0.0,0.0,6.910675662769179
469,4.43,1.5,1.5,0.75,0.5,0.0,0.0,6.551936950309533
470,4.49,0.75,1.5,0.75,0.25,0.5,0.0,6.750581211859792
471,4.52,1.0,1.75,0.75,0.75,0.0,0.0,7.885525660381982
472,4.53,0.5,1.75,1.0,0.0,0.75,0.0,7.12583127667475
473,4.67,1.0,1.5,1.0,0.0,0.5,0.0,7.239974005850209
474,4.15,1.5,1.5,1.0,0.0,0.0,0.0,6.813463867971081
475,4.55,0.75,0.75,2.75,0.0,0.0,0.0,6.461811615753358
476,2.88,2.0,0.0,0.0,0.0,0.0,0.0,3.009465221021454
477,3.01,2.0,0.0,0.0,0.0,0.0,0.0,2.37280989100158
478,4.84,1.5,1.5,1.0,0.0,0.0,0.0,5.57505031639347
479,4.88,2.0,1.25,1.0,0.0,0.0,0.0,7.251214392115918
480,4.47,2.0,1.25,1.0,0.0,0.0,0.0,7.845668205216308
481,4.930000000000001,2.25,1.25,1.0,0.0,0.0,0.0,9.046427135399467
482,4.52,2.25,1.25,1.0,0.0,0.0,0.0,8.926416953200464
483,4.95,2.25,1.25,1.25,0.0,0.0,0.0,7.823286822224438
484,4.47,2.25,1.25,1.25,0.0,0.0,0.0,8.151641843663485
485,4.49,4.25,0.0,0.5,0.0,0.0,0.0,7.978780488712207
486,5.0,4.25,0.0,0.5,0.0,0.0,0.0,10.29103555289677
487,4.49,0.25,1.75,2.75,0.0,0.0,0.0,9.165850221172041
488,4.92,0.25,1.75,2.75,0.0,0.0,0.0,8.357924178457386
489,5.06,0.25,2.25,2.25,0.0,0.0,0.0,8.803649753045905
490,4.41,0.25,2.25,2.25,0.0,0.0,0.0,9.286984164213488
491,3.0,2.0,0.0,0.0,0.0,0.0,0.0,3.538310821621375
492,2.99,2.0,0.0,0.0,0.0,0.0,0.0,2.769063318628895
493,4.43,1.0,1.5,0.75,0.25,0.0,0.0,5.925918829237079
494,4.97,1.0,1.5,0.75,0.0,0.0,0.0,8.152012506202901
495,4.48,1.0,1.5,0.75,0.75,0.0,0.0,7.076114182939061
496,5.04,1.0,1.5,0.75,0.25,0.0,0.0,7.797518184236391
497,4.97,1.0,1.5,0.75,0.75,0.0,0.0,8.807704282915346
498,4.48,1.0,1.5,0.75,0.5,0.0,0.0,7.054928549849835
499,5.0,1.0,1.5,0.75,1.25,0.0,0.0,8.360749764260282
500,4.55,1.0,1.5,0.75,1.0,0.0,0.0,8.124273415876612
501,4.899999999999999,2.25,1.0,1.25,0.0,0.0,0.0,9.051516199024846
502,4.989999999999999,1.0,1.5,0.75,1.0,0.0,0.0,9.409252978187105
503,4.94,2.25,0.25,0.25,1.25,0.0,0.0,6.237306969237357
504,4.52,2.25,1.0,1.25,0.0,0.0,0.0,7.572919040554934
505,4.97,2.25,0.25,0.25,0.75,0.0,0.0,5.84351092750852
506,3.02,2.0,0.0,0.0,0.0,0.0,0.0,3.474499210956918
507,2.95,2.0,0.0,0.0,0.0,0.0,0.0,2.33542498974225
508,4.96,2.25,0.25,0.25,0.25,0.0,0.0,5.360077475279859
509,4.989999999999999,2.5,0.25,0.25,1.5,0.0,0.0,6.729949826008603
510,4.43,1.0,1.5,0.75,1.25,0.0,0.0,4.815975042181716
511,5.029999999999999,0.75,1.5,0.75,0.0,1.25,0.0,8.431684346335418
512,4.53,0.75,1.5,0.75,0.0,1.25,0.0,7.580904601422
513,4.5,0.5,1.5,0.75,0.0,1.5,0.0,5.950082837433964
514,4.94,0.5,1.5,0.75,0.0,1.5,0.0,6.906457783199648
515,4.98,2.0,1.0,1.75,0.0,0.0,0.0,9.042722664983529
516,4.49,2.0,1.0,1.75,0.0,0.0,0.0,9.172358800516708
517,4.48,2.75,1.0,1.0,0.0,0.0,0.0,9.387417968292727
518,4.45,0.25,1.5,0.75,0.0,2.0,0.0,6.059060322105308
519,4.95,0.25,1.25,1.75,0.0,1.25,0.0,6.354573804121334
520,4.42,0.25,1.25,1.75,0.0,1.25,0.0,6.597563693207017
521,3.01,2.0,0.0,0.0,0.0,0.0,0.0,3.630391471085439
522,3.01,2.0,0.0,0.0,0.0,0.0,0.0,3.238187878254172
523,4.47,0.25,1.75,2.25,0.0,0.0,0.0,4.630595868773551
524,4.55,0.25,1.75,2.25,0.25,0.0,0.0,5.292852934111052
525,4.97,3.0,0.25,0.5,0.75,0.0,0.0,5.632741704542615
526,4.39,3.0,0.25,0.5,0.75,0.0,0.0,6.721159591264686
527,4.47,0.25,1.75,2.25,0.5,0.0,0.0,7.924331244011979
528,5.05,3.0,0.25,0.5,0.25,0.0,0.0,6.519425822610194
529,4.97,3.0,0.25,0.5,0.5,0.0,0.0,6.820546615605686
530,4.37,3.0,0.25,0.5,0.25,0.0,0.0,7.119150613926664
531,4.95,3.0,0.25,0.5,0.0,0.0,0.0,6.288196633292413
532,4.49,3.0,0.25,0.5,0.0,0.0,0.0,7.500318124139289
533,4.930000000000001,0.5,1.5,2.0,0.5,0.0,0.0,6.601171421059183
534,4.98,0.5,1.5,2.0,0.0,0.0,0.0,6.209893084681634
535,4.96,0.5,1.5,2.0,0.25,0.0,0.0,6.807023127033659
536,3.01,2.0,0.0,0.0,0.0,0.0,0.0,3.500669039750034
537,2.98,2.0,0.0,0.0,0.0,0.0,0.0,2.477453240146449
538,4.53,3.75,0.25,0.5,0.0,0.0,0.0,3.413800068775501
539,4.51,0.25,1.5,2.0,0.25,0.0,0.0,5.78231957522063
540,4.97,0.25,1.5,2.0,0.0,0.0,0.0,6.67085656367223
541,5.08,0.25,1.5,2.0,0.75,0.0,0.0,8.404891157637099
542,4.94,0.25,1.5,2.0,0.25,0.0,0.0,9.188513342744368
543,4.55,0.25,1.5,2.0,0.0,0.0,0.0,6.915915909992684
544,4.94,0.25,1.5,2.0,0.5,0.0,0.0,7.680784284831513
545,4.890000000000001,0.25,1.5,2.0,0.0,1.0,0.0,7.497364144768657
546,4.5,0.25,1.5,2.0,1.0,0.0,0.0,9.23541805422994
547,4.52,0.25,1.5,2.0,0.75,0.0,0.0,9.309545797479023
548,4.49,0.25,1.5,2.0,0.0,1.0,0.0,6.263481968293175
549,4.38,1.25,1.5,2.0,0.0,0.0,0.0,8.037908068204667
550,4.52,0.25,1.5,2.0,0.5,0.0,0.0,8.06512522608339
551,2.96,2.0,0.0,0.0,0.0,0.0,0.0,3.70080011854935
552,2.97,2.0,0.0,0.0,0.0,0.0,0.0,3.010929313289171
553,4.5,3.25,0.5,0.75,0.0,0.0,0.0,4.724329818331091
554,5.0,3.25,0.5,0.75,0.0,0.0,0.0,6.757496723391367
555,4.47,0.5,1.75,2.25,0.0,0.0,0.0,6.351612513958439
556,5.0,0.5,1.5,0.75,0.0,0.0,0.0,7.874433054349666
557,4.47,0.75,1.75,2.25,0.0,0.0,0.0,7.255761065034263
558,4.94,0.5,1.5,0.75,0.25,0.0,0.0,7.07059498415126
559,4.989999999999999,3.5,0.5,0.75,0.0,0.0,0.0,6.657182980199158
560,4.49,3.5,0.5,0.75,0.0,0.0,0.0,7.349449798540211
561,4.48,1.0,1.5,2.25,0.0,0.0,0.0,7.416741767696932
562,4.98,0.5,1.5,0.75,0.0,1.75,0.0,7.196221834984481
563,4.5,0.75,1.25,2.0,0.0,0.0,0.25,5.903006628022331
564,4.590000000000001,0.5,1.5,0.75,0.0,1.75,0.0,5.78169408756599
565,4.53,2.75,0.0,1.0,0.0,0.0,0.0,7.108359361408602
566,2.87,2.0,0.0,0.0,0.0,0.0,0.0,3.377852286488241
567,2.99,2.0,0.0,0.0,0.0,0.0,0.0,2.614451511774433
568,5.07,0.25,1.25,3.0,0.0,0.0,0.0,4.886816681364628
569,4.52,3.5,0.25,0.75,0.0,0.0,0.0,6.208411564952327
570,5.11,3.5,0.25,0.75,0.0,0.0,0.0,7.450645967979213
571,4.61,3.5,0.25,1.0,0.0,0.0,0.0,7.491021459624575
572,5.02,3.5,0.25,1.0,0.0,0.0,0.0,8.49847422702288
573,4.52,3.75,0.0,1.0,0.0,0.0,0.0,6.812234010720188
574,5.54,3.75,0.0,1.0,0.0,0.0,0.0,8.329210692141915
575,3.12,0.75,1.5,2.25,0.0,0.0,0.0,6.35076889815632
576,5.12,1.0,1.5,2.0,0.0,0.0,0.0,10.25777215061999
577,4.96,0.25,1.5,2.25,0.0,0.75,0.0,8.207177745949322
578,4.33,0.25,1.25,3.25,0.0,0.0,0.0,6.811921484597981
579,1.4,0.25,2.0,2.5,0.0,0.0,0.0,3.303441498176376
580,4.31,0.25,3.0,1.5,0.0,0.0,0.0,10.77194444282052
581,2.93,2.0,0.0,0.0,0.0,0.0,0.0,3.483990574534798
582,2.9,2.0,0.0,0.0,0.0,0.0,0.0,2.688163275430047
583,4.850000000000001,2.25,1.0,1.5,0.0,0.0,0.0,4.731587384474969
584,4.41,2.25,1.0,1.5,0.0,0.0,0.0,6.08656708337162
585,4.44,2.75,0.75,1.0,0.0,0.0,0.0,6.803638045522734
586,5.07,2.75,0.75,1.0,0.0,0.0,0.0,7.890858496128234
587,4.95,0.5,1.5,0.75,0.25,0.0,0.0,8.66570105137626
588,4.930000000000001,0.5,1.5,0.75,0.0,0.0,0.0,7.074999214999626
589,4.96,0.5,1.5,0.75,1.0,0.0,0.0,7.17730239619292
590,4.97,0.5,1.5,0.75,0.5,0.0,0.0,8.502508663276213
591,4.97,2.25,0.75,1.5,0.0,0.0,0.0,8.05145963298661
592,4.5,2.25,0.75,1.5,0.0,0.0,0.0,8.251149461990774
593,4.47,0.25,1.5,0.75,0.0,0.0,0.0,5.990083095795151
594,5.01,0.25,1.5,0.75,0.0,0.0,0.0,7.024817892165077
595,4.460000000000001,0.25,2.25,2.25,0.0,0.0,0.0,6.211460538776886
596,3.0,2.0,0.0,0.0,0.0,0.0,0.0,3.569577587228957
597,3.03,2.0,0.0,0.0,0.0,0.0,0.0,2.377166621318813
598,4.5,0.25,2.75,1.5,0.0,0.0,0.0,5.869415731249902
599,4.989999999999999,2.0,1.0,1.5,0.0,0.0,0.0,7.336622065783694
600,4.5,2.0,1.0,1.5,0.0,0.0,0.0,6.806998571999381
601,4.47,0.5,2.75,1.5,0.0,0.0,0.0,7.30900237338291
602,4.51,2.75,0.75,1.0,0.0,0.0,0.0,8.769640903358455
603,4.97,2.75,0.75,1.0,0.0,0.0,0.0,7.553217626253459
604,4.53,0.5,2.5,1.5,0.0,0.0,0.0,7.957147239533658
605,4.5,1.75,1.25,1.5,0.0,0.0,0.0,7.721311382105982
606,4.989999999999999,0.5,1.5,0.75,0.5,0.0,0.0,9.59361620146399
607,4.989999999999999,0.5,1.5,0.75,1.0,0.0,0.0,10.47639016135572
608,4.51,4.25,0.0,0.5,0.0,0.0,0.0,7.443447663147479
609,5.67,0.5,1.5,0.75,0.25,0.0,0.0,8.887530516620522
610,3.9,1.25,1.0,1.75,0.25,0.0,0.0,5.911321420954585
611,2.98,2.0,0.0,0.0,0.0,0.0,0.0,2.790034475943214
612,2.94,2.0,0.0,0.0,0.0,0.0,0.0,2.794248127881087
613,4.42,0.5,2.5,1.75,0.0,0.0,0.0,9.28355872096887
614,4.859999999999999,2.75,0.5,1.5,0.0,0.0,0.0,7.807034052277209
615,4.42,2.75,0.5,1.5,0.0,0.0,0.0,6.98443762039946
616,4.44,0.25,2.25,1.5,0.25,0.0,0.0,7.58471545320308
617,4.41,0.25,2.0,2.5,0.0,0.0,0.0,6.563865666446393
618,4.44,0.25,1.5,0.75,0.0,0.0,0.0,10.12045792756599
619,4.51,0.25,0.75,2.25,0.0,1.5,0.0,5.465421033983321
620,4.989999999999999,2.0,0.0,0.5,0.0,0.0,2.25,4.081742567828054
621,4.51,0.75,1.75,1.5,0.0,0.25,0.0,6.707154111693226
622,5.02,0.25,1.5,0.75,0.0,2.0,0.0,8.462432901881238
623,4.49,3.0,0.25,1.5,0.0,0.0,0.0,8.334168027438462
624,4.989999999999999,3.0,0.25,1.5,0.0,0.0,0.0,8.35590576569815
625,2.95,2.0,0.0,0.0,0.0,0.0,0.0,3.31719465729048
626,4.47,0.5,2.75,1.5,0.0,0.0,0.0,5.132389764305415
627,5.01,1.0,1.5,0.75,0.0,0.0,0.0,7.20057803873208
628,4.38,1.0,1.5,0.75,0.25,0.0,0.0,7.598805376171842
629,5.02,1.0,1.5,0.75,1.0,0.0,0.0,10.13639902896471
630,4.52,1.0,1.5,0.75,0.5,0.0,0.0,9.767076106695484
631,4.52,2.5,1.0,1.0,0.0,0.0,0.0,7.475079086783631
632,4.48,0.25,1.75,2.5,0.0,0.0,0.0,8.265996010947106
633,4.989999999999999,2.5,1.0,1.0,0.0,0.0,0.0,9.609147013948359
634,4.45,0.75,1.75,1.0,0.0,0.0,0.0,11.3455293944831
635,4.45,0.5,2.5,1.5,0.0,0.0,0.0,10.85084968539345
636,4.47,1.75,1.0,1.0,0.25,0.5,0.0,7.392797573137248
637,4.51,4.25,0.0,0.5,0.0,0.0,0.0,8.76708083252803
638,4.49,0.5,1.5,1.0,0.0,1.25,0.0,8.030792482961555
639,3.0,2.0,0.0,0.0,0.0,0.0,0.0,4.015723750218134
640,3.03,2.0,0.0,0.0,0.0,0.0,0.0,3.054739783929255
641,5.0,1.0,1.5,0.75,0.75,0.0,0.0,6.361063727441873
642,4.49,0.5,1.75,1.75,0.0,0.0,0.0,6.990637650235418
643,4.97,0.5,2.5,1.5,0.0,0.0,0.0,8.290383935408663
644,5.0,0.25,2.0,2.5,0.0,0.0,0.0,6.374464427495149
645,4.58,0.25,2.0,2.5,0.0,0.0,0.0,8.06415407852736
646,4.5,0.25,1.5,1.75,1.25,0.0,0.0,6.416800562282202
647,4.51,1.0,1.5,0.75,0.0,1.25,0.0,6.643175134683944
648,4.92,2.0,0.75,1.75,0.0,0.0,0.0,7.224794656146359
649,4.47,2.0,0.75,1.75,0.0,0.0,0.0,7.126922779353597
650,5.08,0.75,2.5,1.5,0.0,0.0,0.0,8.852821191722793
651,4.460000000000001,0.75,2.5,1.5,0.0,0.0,0.0,7.26944903640302
652,4.47,0.75,2.25,1.5,0.0,0.0,0.0,7.203582553871308
653,4.97,0.75,2.25,1.5,0.0,0.0,0.0,7.914632716759463
654,3.0,2.0,0.0,0.0,0.0,0.0,0.0,3.020102098822699
655,2.96,2.0,0.0,0.0,0.0,0.0,0.0,2.165281726028809
656,5.2,0.25,1.5,0.75,1.25,0.0,0.0,5.52911332945448
657,4.39,0.25,1.5,0.75,0.25,0.0,0.0,7.167945216473866
658,5.52,0.25,1.5,0.75,0.5,0.0,0.0,9.671475785296458
659,4.760000000000001,0.25,1.5,0.75,1.0,0.0,0.0,9.008930125142314
660,5.01,0.5,2.5,1.75,0.0,0.0,0.0,10.24710169806865
661,4.53,0.25,1.5,0.75,1.25,0.0,0.0,7.811405177536509
662,4.26,0.5,2.5,1.75,0.0,0.0,0.0,8.141917579066266
663,4.930000000000001,0.25,1.5,0.75,0.75,0.0,0.0,9.119728378568016
664,4.460000000000001,0.25,1.5,0.75,0.5,0.0,0.0,9.331699722983991
665,4.96,0.25,1.5,0.75,0.25,0.0,0.0,10.09838830572991
666,4.590000000000001,0.25,1.5,0.75,0.0,0.0,0.0,8.471447180534271
667,4.47,2.75,1.0,1.0,0.0,0.0,0.0,8.594847788563238
668,4.890000000000001,0.25,2.5,1.75,0.0,0.0,0.0,9.990124735396837
669,3.53,2.0,0.0,0.0,0.0,0.0,0.0,4.075873421745487
670,2.84,2.0,0.0,0.0,0.0,0.0,0.0,2.996941064158686
671,4.819999999999999,0.25,2.75,1.75,0.0,0.0,0.0,5.277348582415396
672,4.13,1.5,1.5,1.75,0.0,0.0,0.0,6.138163375597464
673,5.57,0.25,1.5,0.75,1.0,0.0,0.0,8.198334612503928
674,4.45,0.25,1.5,0.75,1.25,0.25,0.0,8.024992181893916
675,4.49,0.25,1.5,0.75,1.5,0.25,0.0,7.592820537117494
676,4.41,0.25,1.5,0.75,0.25,0.75,0.0,6.934359681271855
677,4.92,0.25,1.5,0.75,1.0,0.75,0.0,6.701159039345785
678,4.44,0.25,1.5,0.75,0.75,1.0,0.0,6.348913230546131
679,5.01,0.25,1.5,0.75,0.75,1.0,0.0,7.603548933281121
680,4.98,0.25,1.5,1.0,0.0,2.0,0.0,6.796358143219054
681,4.41,0.25,1.5,1.0,0.0,2.0,0.0,4.93877382046494
682,1.02,0.25,3.0,1.5,0.0,0.0,0.0,2.71056992668641
683,4.49,0.25,3.5,1.0,0.0,0.0,0.0,3.252539430279209
684,2.94,2.0,0.0,0.0,0.0,0.0,0.0,3.682388854207818
685,2.9,2.0,0.0,0.0,0.0,0.0,0.0,2.789663374409814
686,4.989999999999999,0.25,1.5,0.75,0.75,0.0,0.0,7.295207481710566
687,4.989999999999999,0.25,1.5,0.75,1.0,0.0,0.0,7.953436544879533
688,4.98,0.5,2.5,1.75,0.0,0.0,0.0,8.615891199386223
689,4.45,0.5,2.5,1.75,0.0,0.0,0.0,7.745943586709622
690,5.01,0.25,1.5,0.75,1.25,0.0,0.0,8.096644528329303
691,4.54,0.25,1.5,0.75,0.25,0.0,0.0,9.347425501140096
692,4.97,0.25,2.5,1.75,0.0,0.0,0.0,10.81804047082345
693,4.45,0.25,2.5,1.75,0.0,0.0,0.0,9.117936779760884
694,4.49,0.25,1.5,0.75,0.5,0.0,0.0,8.592496097227079
695,4.5,0.25,1.5,0.75,1.75,0.0,0.0,7.793864813974781
696,4.58,0.25,1.5,0.75,0.0,0.0,0.0,10.52308863790272
697,4.94,0.25,1.5,0.75,0.25,0.0,0.0,11.06058480428857
698,4.48,0.25,2.75,1.75,0.0,0.0,0.0,9.86666486691352
699,2.97,2.0,0.0,0.0,0.0,0.0,0.0,3.682086215403157
700,3.01,2.0,0.0,0.0,0.0,0.0,0.0,2.437671527551474
701,5.0,0.25,1.5,0.75,1.75,0.0,0.0,6.26752767898145
702,5.5,0.25,1.5,0.75,0.0,1.75,0.0,6.337639894209477
703,4.79,0.25,1.5,0.75,0.0,1.75,0.0,6.944601577526075
704,4.890000000000001,0.25,1.5,1.0,0.0,2.0,0.0,6.963838617805053
705,2.34,0.25,2.75,1.75,0.0,0.0,0.0,6.779840303478798
706,1.84,0.25,2.75,1.75,0.0,0.0,0.0,4.150665147076902
707,4.819999999999999,0.25,3.5,1.0,0.0,0.0,0.0,3.420434710139985
708,4.41,0.25,3.5,1.0,0.0,0.0,0.0,3.391193590627555
709,4.41,0.25,0.75,3.75,0.0,0.0,0.0,9.234963350970503
710,1.44,0.25,3.0,1.5,0.0,0.0,0.0,4.876304598985659
711,4.92,0.25,0.75,3.75,0.0,0.0,0.0,7.470429189854152
712,4.98,0.25,0.0,4.5,0.0,0.0,0.0,7.993914611866463
713,4.98,0.25,0.0,4.75,0.0,0.0,0.0,7.655059689436119
714,2.84,2.0,0.0,0.0,0.0,0.0,0.0,4.328246109570206
715,3.03,2.0,0.0,0.0,0.0,0.0,0.0,3.18086861903131
716,5.05,0.5,2.25,1.75,0.0,0.0,0.0,7.172301072437206
717,4.5,0.5,2.25,1.75,0.0,0.0,0.0,7.221308291186024
718,4.95,0.25,1.5,0.75,0.5,0.0,0.0,9.116391289606604
719,4.989999999999999,0.25,1.5,0.75,0.75,0.0,0.0,6.827336365360935
720,5.0,0.25,1.5,0.75,1.0,0.0,0.0,9.563464328091055
721,4.98,0.25,1.5,0.75,0.25,0.0,0.0,8.409027811845835
722,4.53,2.75,1.0,1.0,0.0,0.0,0.0,7.631781480257264
723,4.43,0.25,1.5,0.75,0.5,0.0,0.0,8.630324546597201
724,4.98,2.75,1.0,1.0,0.0,0.0,0.0,8.915064264431
725,4.52,1.75,1.25,1.75,0.0,0.0,0.0,8.56211533531966
726,4.460000000000001,0.5,1.5,2.5,0.0,0.0,0.0,6.997171306215984
727,4.97,1.75,1.25,1.75,0.0,0.0,0.0,7.82234514190858
728,4.96,0.75,2.25,1.75,0.0,0.0,0.0,9.03133475335618
729,2.88,2.0,0.0,0.0,0.0,0.0,0.0,3.642264300861593
730,3.0,2.0,0.0,0.0,0.0,0.0,0.0,2.734622094601703
731,4.49,0.25,1.5,0.75,1.5,0.0,0.0,5.870264914872937
732,4.96,0.25,1.5,0.75,0.0,0.25,0.0,6.988869306823363
733,4.34,0.25,1.5,0.75,0.0,0.25,0.0,7.654965691683252
734,4.930000000000001,0.25,1.5,0.75,0.0,0.75,0.0,9.354266011897703
735,4.51,0.25,1.5,0.75,0.25,0.75,0.0,8.765617780014919
736,5.05,0.5,1.5,0.75,0.0,1.75,0.0,5.964963965082386
737,4.42,0.5,1.5,0.75,0.0,1.75,0.0,7.146826650352795
738,4.989999999999999,0.0,2.25,1.75,0.0,0.75,0.0,5.978020993697791
739,4.52,0.0,2.25,1.75,0.0,0.75,0.0,6.715893552790491
740,4.48,0.0,0.75,4.0,0.0,0.0,0.0,6.840960580455502
741,5.0,0.0,0.75,4.0,0.0,0.0,0.0,5.073211024099136
742,0.49,0.0,1.5,3.25,0.0,0.0,0.0,0.5846938410499694
743,5.6,0.0,0.0,5.0,0.0,0.0,0.0,6.351738585122702
744,2.94,2.0,0.0,0.0,0.0,0.0,0.0,4.244261893248525
745,2.96,2.0,0.0,0.0,0.0,0.0,0.0,3.451569827395927
746,4.98,0.75,2.25,1.75,0.0,0.0,0.0,8.112445496916243
747,4.48,0.75,2.25,1.75,0.0,0.0,0.0,7.844215734474828
748,5.01,0.25,1.5,0.75,0.25,0.0,0.0,9.773502911186458
749,4.43,0.25,1.5,0.75,0.5,0.0,0.0,9.82720571555727
750,4.95,0.25,1.5,0.75,0.75,0.0,0.0,10.34737616154291
751,4.94,0.25,1.5,0.75,0.5,0.0,0.0,8.424606103994025
752,4.899999999999999,2.75,1.0,1.0,0.0,0.0,0.0,8.918016844235686
753,4.51,2.75,1.0,1.0,0.0,0.0,0.0,10.45091072870444
754,5.0,1.75,1.25,1.75,0.0,0.0,0.0,10.11281438348206
755,4.51,0.5,1.5,1.0,0.25,0.25,0.0,7.744987012408883
756,4.47,1.75,1.25,1.75,0.0,0.0,0.0,8.671390965579164
757,4.43,0.25,1.5,0.75,1.75,0.0,0.0,9.267519143138715
758,2.95,2.0,0.0,0.0,0.0,0.0,0.0,4.00067667331484
759,4.97,0.25,1.5,0.75,1.5,0.0,0.0,5.384064172645677
760,4.5,0.0,1.5,0.75,0.25,0.75,0.0,4.857650094527449
761,4.0,0.5,1.5,2.5,0.0,0.0,0.0,6.250696359103057
762,5.029999999999999,0.25,1.5,0.75,0.0,0.75,0.0,7.675006230837329
763,5.02,0.25,1.5,0.75,0.25,0.75,0.0,9.00999201403318
764,5.0,0.25,1.5,0.75,0.0,1.75,0.0,6.122235956008209
765,4.62,0.25,1.5,0.75,0.0,1.75,0.0,6.368915731954738
766,4.45,0.0,1.5,1.0,0.0,2.25,0.0,2.193291993148418
767,4.930000000000001,0.0,1.5,1.0,0.0,2.25,0.0,4.233647884998209
768,4.96,0.0,1.0,3.75,0.0,0.0,0.0,6.378874578150604
769,4.48,0.0,1.0,3.75,0.0,0.0,0.0,3.592134683591949
770,4.91,0.0,0.75,4.0,0.0,0.0,0.0,4.38197244058878
771,4.53,0.0,0.75,4.0,0.0,0.0,0.0,4.507599955057914
772,3.04,2.0,0.0,0.0,0.0,0.0,0.0,3.365400387294871
773,3.01,2.0,0.0,0.0,0.0,0.0,0.0,2.784302466373428
774,5.590000000000001,2.75,1.0,1.0,0.0,0.0,0.0,7.929890583502384
775,4.36,1.5,1.25,1.75,0.0,0.0,0.0,7.100055404102817
776,4.4,0.25,1.75,1.0,0.0,0.75,0.25,6.792861815337717
777,4.95,1.5,1.25,1.75,0.0,0.0,0.0,7.324808112724794
778,4.42,0.0,1.5,1.0,1.5,0.0,0.0,4.872531648741333
779,4.98,3.25,0.25,1.25,0.0,0.0,0.0,8.750253139734516
780,5.04,1.75,1.25,1.75,0.0,0.0,0.0,9.431645132476925
781,4.069999999999999,0.25,0.75,3.5,0.25,0.0,0.0,6.949508244059608
782,4.930000000000001,0.0,1.5,0.75,0.0,0.0,0.0,7.448573082447004
783,4.460000000000001,0.0,1.5,0.75,0.0,0.0,0.0,6.369584410602831
784,4.92,1.75,1.0,1.75,0.0,0.0,0.0,9.343753752689352
785,4.42,1.75,1.0,1.75,0.0,0.0,0.0,9.474418301436767
786,4.42,0.0,1.5,0.75,0.25,0.0,0.0,8.066935716996923
787,2.97,2.0,0.0,0.0,0.0,0.0,0.0,3.624657167092174
788,2.98,2.0,0.0,0.0,0.0,0.0,0.0,2.753295713029102
789,4.890000000000001,1.75,1.0,2.0,0.0,0.0,0.0,8.575337392070397
790,4.94,0.0,1.5,0.75,0.0,1.0,0.0,7.453869385580256
791,4.460000000000001,0.0,1.5,0.75,0.0,1.0,0.0,6.714160149816704
792,5.01,0.0,1.5,0.75,0.0,1.25,0.0,5.59480846190101
793,4.48,0.0,1.5,0.75,0.0,1.25,0.0,4.233186331280898
794,4.989999999999999,0.0,2.5,2.0,0.0,0.0,0.0,8.072779197496137
795,4.47,0.0,2.5,2.0,0.0,0.0,0.0,7.479670098767976
796,4.98,3.0,0.0,2.0,0.0,0.0,0.0,7.453528951794892
797,4.989999999999999,3.0,0.0,2.0,0.0,0.0,0.0,5.057935477006906
798,4.95,3.0,0.0,2.0,0.0,0.0,0.0,6.390263672039185
799,5.02,0.0,0.0,5.0,0.0,0.0,0.0,5.286187463492876
800,4.98,0.0,0.0,5.0,0.0,0.0,0.0,4.745580487486606
801,4.930000000000001,0.0,0.0,5.0,0.0,0.0,0.0,4.999355781014759
802,2.98,2.0,0.0,0.0,0.0,0.0,0.0,3.266582406763383
803,2.97,2.0,0.0,0.0,0.0,0.0,0.0,2.43634314173275
804,4.930000000000001,2.5,1.0,1.0,0.0,0.0,0.0,4.571067895467871
805,4.95,1.75,1.0,1.75,0.0,0.0,0.0,6.759357670645709
806,4.94,3.0,0.25,1.25,0.0,0.0,0.0,6.16127887574317
807,5.21,1.25,0.25,0.5,1.75,0.0,0.25,7.320715659254751
808,4.91,3.25,0.25,1.25,0.0,0.0,0.0,8.478710528063003
809,4.52,1.25,0.25,0.5,1.75,0.0,0.25,6.55549806660872
810,6.5,1.25,0.25,0.5,2.0,0.0,0.25,8.27806193965383
811,4.48,1.25,0.25,0.5,2.0,0.0,0.25,6.972511184427377
812,4.91,2.5,1.25,1.0,0.0,0.0,0.0,10.54334092245545
813,4.96,1.25,0.25,0.5,2.25,0.0,0.25,9.032029241059101
814,4.989999999999999,2.5,1.25,0.75,0.0,0.0,0.0,8.667786769127513
815,4.47,2.5,1.25,0.75,0.0,0.0,0.0,8.448718303718149
816,4.44,0.75,1.5,0.75,0.0,1.0,0.0,8.27279274934658
817,2.87,2.0,0.0,0.0,0.0,0.0,0.0,3.808269715256596
818,2.91,2.0,0.0,0.0,0.0,0.0,0.0,2.637215497507643
819,4.95,1.75,1.0,2.0,0.0,0.0,0.0,5.111112993784451
820,4.5,1.75,1.75,1.0,0.0,0.0,0.0,6.662126113822013
821,4.55,0.75,1.5,0.75,0.0,1.25,0.0,6.079021121685436
822,4.96,1.25,0.25,0.5,2.5,0.0,0.0,6.705683997738039
823,4.96,0.5,1.5,0.75,0.0,1.5,0.0,7.015692177698983
824,4.51,1.0,0.25,0.5,2.75,0.0,0.0,5.465654656708159
825,4.95,1.0,0.25,0.5,2.75,0.0,0.0,5.988960940297981
826,4.5,1.0,0.0,3.75,0.0,0.0,0.0,5.935313372083154
827,5.0,1.0,0.0,3.75,0.0,0.0,0.0,6.429619655001676
828,4.66,0.0,0.0,0.75,4.0,0.0,0.0,3.02970591947504
829,0.0,0.0,4.25,0.5,0.0,0.0,0.0,0.05208103936049981
830,1.45,4.75,0.0,0.0,0.0,0.0,0.0,1.728117106460868
831,0.0,0.0,4.0,0.0,0.0,0.75,0.0,0.04623632390625945
832,3.46,2.0,0.0,0.0,0.0,0.0,0.0,3.392049248026815
833,2.9,2.0,0.0,0.0,0.0,0.0,0.0,2.66369875945126
834,4.87,1.75,1.0,1.75,0.0,0.0,0.0,4.485540466656742
835,4.890000000000001,2.5,1.0,1.0,0.0,0.0,0.0,5.913743518540382
836,4.850000000000001,3.0,0.25,1.25,0.0,0.0,0.0,6.946697911464009
837,4.31,3.0,0.25,1.25,0.0,0.0,0.0,7.006849927276312
838,4.83,3.25,0.25,1.25,0.0,0.0,0.0,8.062725714412132
839,4.859999999999999,1.25,0.25,0.5,1.75,0.0,0.25,6.824733178261019
840,5.0,1.25,0.25,0.5,2.0,0.0,0.25,6.842629089486843
841,4.460000000000001,1.25,0.25,0.5,0.0,0.0,0.0,4.369116215651464
842,4.43,0.5,0.5,3.5,0.0,0.0,0.0,7.577046367115789
843,4.49,0.25,1.75,2.5,0.0,0.0,0.0,8.010665534286973
844,3.94,0.5,1.75,1.0,0.25,0.75,0.0,6.295458281502428
845,5.0,0.5,0.5,3.5,0.0,0.0,0.0,6.779646456336443
846,4.51,0.5,1.75,1.0,0.5,0.25,0.0,8.863251984809377
847,3.01,2.0,0.0,0.0,0.0,0.0,0.0,4.14715314564149
848,2.95,2.0,0.0,0.0,0.0,0.0,0.0,3.196582216835678
849,7.39,2.5,1.25,0.75,0.0,0.0,0.0,7.996883207300289
850,4.930000000000001,0.75,1.5,0.75,0.0,1.25,0.0,5.570179875653625
851,4.590000000000001,0.75,1.5,0.75,0.0,1.25,0.0,5.472447531836351
852,4.95,1.75,1.0,2.0,0.0,0.0,0.0,7.440284397679892
853,4.95,1.75,1.75,1.0,0.0,0.0,0.0,8.88732726675367
854,4.44,1.75,1.75,1.0,0.0,0.0,0.0,4.297214402264082
855,4.38,0.75,1.5,0.75,0.0,1.5,0.0,5.804101627598876
856,5.0,0.75,1.5,0.75,0.0,1.5,0.0,6.210034339233601
857,4.890000000000001,1.25,0.25,0.5,2.5,0.0,0.0,5.898747158761958
858,5.01,1.0,0.0,3.75,0.0,0.0,0.0,6.80911055677245
859,5.62,1.0,0.0,3.75,0.0,0.0,0.0,6.04070528325858
860,4.57,0.75,0.0,0.75,3.25,0.0,0.0,5.449537330635076
861,4.45,4.75,0.0,0.0,0.0,0.0,0.0,4.642943988999249
862,2.95,2.0,0.0,0.0,0.0,0.0,0.0,3.578887318624478
863,2.94,2.0,0.0,0.0,0.0,0.0,0.0,2.291282954780642
864,4.96,2.5,1.25,0.75,0.0,0.0,0.0,7.441027053071792
865,4.98,3.25,0.25,1.25,0.0,0.0,0.0,7.354734984064648
866,4.47,0.5,0.5,3.5,0.0,0.0,0.0,6.044103607396227
867,4.460000000000001,0.25,1.75,2.5,0.0,0.0,0.0,6.39468707756061
868,5.02,1.25,0.25,0.25,1.0,0.0,0.5,6.058422317214867
869,4.51,1.25,0.25,0.25,1.0,0.0,0.5,8.187697564924791
870,4.57,0.25,1.25,2.0,1.0,0.0,0.0,8.005577198383214
871,5.590000000000001,0.25,1.25,2.0,1.0,0.0,0.0,8.797683615712367
872,5.07,0.25,1.25,2.0,1.25,0.0,0.0,7.410120678197658
873,4.460000000000001,0.25,1.25,2.0,1.25,0.0,0.0,6.103670006372366
874,4.859999999999999,0.0,1.25,2.0,1.25,0.0,0.0,6.169817490566245
875,4.36,0.0,1.25,2.0,1.25,0.0,0.0,6.064739854113178
876,4.890000000000001,0.75,0.5,3.5,0.0,0.0,0.0,7.131255055106026
877,2.95,2.0,0.0,0.0,0.0,0.0,0.0,3.177608241877384
878,2.95,2.0,0.0,0.0,0.0,0.0,0.0,2.44268478640903
879,4.41,1.25,0.25,0.5,1.0,0.0,1.25,3.098792704740711
880,4.96,0.0,1.0,2.0,1.5,0.0,0.0,5.440094217844755
881,4.38,0.0,1.0,2.0,1.5,0.0,0.0,3.649847698884349
882,4.94,0.5,1.5,0.75,0.0,0.75,0.0,8.986617589671745
883,4.94,3.5,0.0,1.25,0.0,0.0,0.0,7.89027699208461
884,4.47,0.5,1.5,0.75,0.0,1.25,0.0,6.302313457134462
885,5.029999999999999,0.5,1.5,0.75,0.0,1.25,0.0,8.059673302449763
886,4.989999999999999,0.5,1.5,0.75,0.0,1.75,0.0,7.828061559774
887,4.52,0.5,1.5,0.75,0.0,1.75,0.0,8.262110781955112
888,4.989999999999999,0.0,0.75,2.0,1.75,0.0,0.0,6.167815899669771
889,4.51,0.0,0.75,2.0,1.75,0.0,0.0,3.845562889999365
890,4.989999999999999,3.25,1.5,0.0,0.0,0.0,0.0,3.131795533940271
891,0.0,2.25,2.5,0.0,0.0,0.0,0.0,0.05166633489609948
892,2.87,2.0,0.0,0.0,0.0,0.0,0.0,3.42253607528006
893,2.97,2.0,0.0,0.0,0.0,0.0,0.0,3.047066056784453
