,10_Pt/TiO2,11_PCN,12_Pt/CdS,13_Pt/WO3,20_Xylose-0.25M,21_Proline,22_Cysteine,23_Glucose,24_Cellobiose,30_NaOH-0.5M,31_CitricAcid-0.5M,32_AcidYellow73,33_AcidViolet43,34_AcidGreen1,Target
0,0.0,1.46,0.66,2.41,0.0,0.25,0.0,0.25,0.0,1.0,0.5,0.0,0.0,0.5,0.0549091232923103
1,0.92,0.48,0.93,0.0,1.0,1.0,0.25,0.25,0.0,0.5,0.0,0.0,0.25,0.25,1.259835500899712
2,0.0,0.0,3.48,0.0,0.0,0.75,0.75,1.5,0.0,0.5,0.0,0.0,0.0,0.0,3.736750924735969
3,0.0,0.0,1.39,0.0,1.75,0.0,0.0,0.5,0.75,0.25,0.25,0.0,0.0,0.25,0.09294188538359105
4,2.47,0.93,0.0,0.37,0.25,0.0,1.5,0.0,0.25,0.25,0.0,0.5,0.75,0.0,3.491957449127216
5,0.0,0.9600000000000001,0.47,0.98,0.0,0.0,0.0,0.0,0.0,0.75,0.5,0.5,0.25,0.5,0.0483066866201645
6,0.5,1.51,0.48,2.39,0.25,0.75,0.25,0.0,0.0,0.25,0.25,0.0,0.5,0.25,0.3888678002243617
7,1.03,0.99,1.5,0.26,0.0,0.5,0.0,0.0,1.0,0.0,0.0,0.25,0.25,1.25,0.04365052078952197
8,0.0,0.0,1.07,1.64,0.5,0.5,0.25,0.75,0.0,0.0,0.5,0.0,0.25,0.75,0.4693946742527531
9,2.5,0.0,1.01,0.83,0.75,0.0,1.0,0.0,0.75,0.25,0.25,0.0,0.75,0.0,2.11171806436343
10,0.5,1.01,0.9600000000000001,0.27,0.25,0.0,0.0,0.0,0.0,0.75,1.0,0.0,0.0,2.0,0.2389155254776171
11,0.0,0.0,4.87,0.0,0.0,0.0,3.0,0.0,0.0,0.0,0.0,0.0,0.0,0.0,2.985987238613093
12,0.0,0.0,4.930000000000001,0.0,0.0,0.0,3.0,0.0,0.0,0.0,0.0,0.0,0.0,0.0,2.882780793095942
13,3.03,0.44,0.0,0.0,0.0,0.25,1.75,0.25,0.0,0.25,0.25,0.0,0.5,0.5,1.707555720578147
14,0.5,0.98,0.0,0.24,0.5,0.0,0.25,0.75,0.5,0.5,0.25,0.0,0.25,0.75,0.4042487285624335
15,0.45,1.99,0.0,1.47,0.75,0.25,0.0,0.5,0.0,0.0,1.75,0.0,0.0,0.0,1.16828353460645
16,0.0,1.01,0.0,3.51,1.25,0.5,0.0,0.0,0.5,1.25,0.0,0.0,0.0,0.25,0.3869110842555856
17,0.0,0.0,2.17,1.09,0.0,0.75,0.0,0.5,0.0,0.5,0.25,0.5,1.0,0.0,0.04699086900791096
18,0.0,0.0,1.61,2.64,0.0,0.0,0.0,0.0,0.0,0.0,0.0,0.0,0.0,0.0,0.03766521704786107
19,0.48,0.0,0.92,1.18,0.0,0.0,0.0,0.0,0.0,0.0,0.0,0.0,0.0,0.0,0.04038930872598588
20,0.0,0.0,4.43,0.0,0.0,0.0,0.0,0.0,0.0,0.0,0.0,0.0,0.0,0.0,0.03759697437569189
21,0.0,2.0,0.0,3.03,0.0,0.0,0.0,0.0,0.0,0.0,0.0,0.0,0.0,0.0,0.03802198000706329
22,0.49,1.04,0.0,1.45,0.0,0.0,0.0,0.0,0.0,0.0,0.0,0.0,0.0,0.0,0.03784043268260483
23,0.51,3.5,0.0,0.0,0.0,0.0,0.0,0.0,0.0,0.0,0.0,0.0,0.0,0.0,0.03756742096881685
24,1.51,0.99,1.47,0.0,0.0,0.0,0.0,0.0,0.0,0.0,0.0,0.0,0.0,0.0,0.03539386361312238
25,0.0,0.0,4.87,0.0,0.0,0.0,3.0,0.0,0.0,0.0,0.0,0.0,0.0,0.0,2.822438822982718
26,0.0,0.0,4.96,0.0,0.0,0.0,3.0,0.0,0.0,0.0,0.0,0.0,0.0,0.0,2.852817339330125
27,0.0,0.0,0.0,3.1,0.5,0.0,0.0,0.5,2.0,0.5,0.0,0.5,0.0,0.25,0.04319747592480912
28,0.0,1.46,0.0,2.11,0.75,0.5,0.25,0.0,0.75,0.0,0.0,0.0,1.25,0.0,0.06436835131165758
29,3.49,0.49,0.0,0.0,1.0,0.0,0.5,0.25,0.25,1.25,0.0,0.0,0.25,0.25,1.776011667632781
30,0.9700000000000001,0.5,1.19,0.0,0.25,0.0,0.0,0.0,0.0,0.25,0.5,0.75,0.0,1.0,0.5595852729210712
31,0.5199999999999999,0.47,2.03,0.0,1.0,0.0,0.0,0.0,0.25,0.75,0.0,0.0,0.5,1.25,0.07053995005866592
32,0.0,0.98,0.46,0.0,0.0,0.5,0.0,0.0,0.5,0.0,0.0,1.0,1.25,0.0,0.04008757863049278
33,0.0,3.56,0.5599999999999999,0.0,1.5,0.25,0.25,0.75,0.0,0.0,0.0,0.5,0.0,0.75,0.4230061047207873
34,0.0,1.47,1.08,1.96,0.25,0.25,1.5,0.0,0.25,1.25,0.0,0.25,0.0,0.0,3.81011748992547
35,0.9600000000000001,0.45,0.0,2.7,0.25,0.0,0.0,0.5,0.75,1.75,0.0,0.0,0.0,0.25,0.4451833542365874
36,0.99,0.49,1.36,0.22,0.0,0.25,0.0,0.0,0.75,0.0,0.25,0.75,1.0,0.5,0.3704761663700409
37,2.55,0.0,0.0,1.32,0.0,2.25,0.0,0.0,0.25,0.0,0.25,0.0,0.5,0.25,2.543246340180569
38,0.0,1.07,1.97,1.0,0.0,0.25,0.0,1.5,0.25,0.75,0.25,0.5,0.0,0.0,0.151461801879398
39,0.0,0.0,4.95,0.0,0.0,0.0,3.0,0.0,0.0,0.0,0.0,0.0,0.0,0.0,3.090621105120464
40,0.0,0.0,4.91,0.0,0.0,0.0,3.0,0.0,0.0,0.0,0.0,0.0,0.0,0.0,3.061898930453136
41,0.53,0.0,0.58,1.88,0.0,0.25,0.25,0.0,0.0,0.0,0.5,0.5,1.25,1.0,0.270052945765536
42,1.0,0.0,2.05,0.8400000000000001,0.0,0.25,0.0,0.0,0.0,0.5,0.0,0.0,0.25,0.75,0.06273595801655517
43,0.94,1.61,1.14,0.0,0.75,0.25,0.5,0.25,0.0,0.75,0.0,0.25,0.5,0.0,1.044706835504161
44,0.0,0.42,1.42,0.58,0.0,0.75,0.25,0.5,0.0,0.0,0.25,0.5,0.25,0.5,0.4299386936522188
45,1.96,0.44,0.6,0.0,0.0,0.0,0.5,0.0,0.25,0.0,0.25,0.0,1.25,0.0,1.108731576564358
46,1.97,0.45,0.91,0.65,0.0,0.0,0.5,0.0,0.5,0.0,0.25,1.0,0.0,0.5,0.9869702100896256
47,0.0,2.01,0.0,2.81,0.0,0.0,0.0,0.0,0.0,0.0,0.0,0.0,0.0,0.0,0.0468146616655546
48,4.48,0.0,0.0,0.0,0.0,0.0,0.0,0.0,0.0,0.0,0.0,0.0,0.0,0.0,0.0450437894411141
49,0.0,3.51,0.0,0.37,0.0,0.0,0.0,0.0,0.0,0.0,0.0,0.0,0.0,0.0,0.04206624373461142
50,0.0,0.9600000000000001,0.42,3.03,0.0,0.0,0.0,0.0,0.0,0.0,0.0,0.0,0.0,0.0,0.04414528788916276
51,2.53,0.0,0.46,1.12,0.0,0.0,0.0,0.0,0.0,0.0,0.0,0.0,0.0,0.0,0.03881234466928098
52,0.0,1.54,2.49,0.0,0.0,0.0,0.0,0.0,0.0,0.0,0.0,0.0,0.0,0.0,0.03952957994353118
53,2.02,0.98,1.23,0.0,0.0,0.0,0.0,0.0,0.0,0.0,0.0,0.0,0.0,0.0,0.04006458535882212
54,0.0,0.0,4.88,0.0,0.0,0.0,3.0,0.0,0.0,0.0,0.0,0.0,0.0,0.0,2.896302480017723
55,0.0,0.0,4.930000000000001,0.0,0.0,0.0,3.0,0.0,0.0,0.0,0.0,0.0,0.0,0.0,2.8023664425882
56,0.0,0.0,1.59,0.9600000000000001,0.0,1.0,1.0,2.5,0.0,0.0,0.0,0.0,0.0,0.0,0.7156529506557358
57,0.46,0.0,2.37,0.71,0.0,1.0,1.0,2.5,0.0,0.0,0.0,0.0,0.0,0.0,1.135266850402992
58,0.0,0.0,4.44,0.0,0.0,0.75,1.0,2.75,0.0,0.0,0.0,0.0,0.0,0.0,1.41757033915993
59,0.0,0.0,3.92,0.53,0.0,0.75,1.0,2.75,0.0,0.0,0.0,0.0,0.0,0.0,1.425630237196462
60,0.0,0.0,4.02,0.0,0.0,0.5,1.0,3.25,0.0,0.0,0.0,0.0,0.0,0.0,1.322590559711638
61,0.0,0.46,4.01,0.0,0.0,0.5,1.0,3.25,0.0,0.0,0.0,0.0,0.0,0.0,1.348030015778967
62,0.0,1.02,1.52,1.87,0.0,0.5,1.0,3.25,0.0,0.0,0.0,0.0,0.0,0.0,1.03182964782432
63,0.0,0.45,3.43,0.0,0.0,0.5,1.0,3.25,0.0,0.0,0.0,0.0,0.0,0.0,1.507682007649862
64,0.0,0.53,2.04,1.85,0.0,0.25,1.0,3.5,0.0,0.0,0.0,0.0,0.0,0.0,1.20575519322738
65,0.0,0.0,3.47,0.0,0.0,0.25,1.0,3.5,0.0,0.0,0.0,0.0,0.0,0.0,1.545895547754579
66,0.7699999999999999,0.49,0.47,2.5,0.0,0.0,1.0,3.75,0.0,0.0,0.0,0.0,0.0,0.0,0.8326669730778834
67,0.0,0.0,1.0,3.77,0.0,0.0,1.0,3.75,0.0,0.0,0.0,0.0,0.0,0.0,0.6748146915049129
68,0.0,0.0,0.51,3.79,0.0,0.0,1.0,3.75,0.0,0.0,0.0,0.0,0.0,0.0,0.5150394771687692
69,0.0,0.0,4.989999999999999,0.0,0.0,0.0,3.0,0.0,0.0,0.0,0.0,0.0,0.0,0.0,2.899039768987552
70,0.0,0.0,5.02,0.0,0.0,0.0,3.0,0.0,0.0,0.0,0.0,0.0,0.0,0.0,2.869841749057602
71,0.0,0.0,0.0,5.0,0.0,0.0,1.0,3.75,0.0,0.0,0.0,0.0,0.0,0.0,0.06598721008090083
72,0.0,0.49,0.0,3.54,0.0,0.0,4.5,0.25,0.0,0.0,0.0,0.0,0.0,0.0,0.3122511759265655
73,0.0,0.49,3.0,0.0,0.0,0.0,4.5,0.25,0.0,0.0,0.0,0.0,0.0,0.0,2.698809951960639
74,0.0,0.0,1.01,2.36,0.0,0.0,4.75,0.0,0.0,0.0,0.0,0.0,0.0,0.0,1.909879561185738
75,0.48,0.49,3.02,0.0,0.0,0.0,4.75,0.0,0.0,0.0,0.0,0.0,0.0,0.0,3.067174920157796
76,0.42,1.02,1.52,0.0,0.0,0.0,4.75,0.0,0.0,0.0,0.0,0.0,0.0,0.0,2.56250701165774
77,0.95,0.0,1.04,2.03,0.0,0.0,4.75,0.0,0.0,0.0,0.0,0.0,0.0,0.0,2.583391746190436
78,0.51,0.0,1.52,2.13,0.0,0.0,4.75,0.0,0.0,0.0,0.0,0.0,0.0,0.0,2.595086339627379
79,0.0,0.49,2.52,0.0,0.0,0.0,4.75,0.0,0.0,0.0,0.0,0.0,0.0,0.0,3.023973335283499
80,0.0,0.0,1.98,1.96,0.0,0.0,4.75,0.0,0.0,0.0,0.0,0.0,0.0,0.0,2.741727452402342
81,0.0,0.48,0.53,1.29,0.0,0.0,5.0,0.0,0.0,0.0,0.0,0.0,0.0,0.0,1.446419862340079
82,0.0,0.53,0.0,3.97,0.0,0.0,4.75,0.0,0.0,0.0,0.0,0.0,0.0,0.0,0.2542907161948683
83,0.0,3.0,0.0,0.92,0.0,0.0,4.75,0.0,0.0,0.0,0.0,0.0,0.0,0.0,0.8852248450334648
84,0.0,0.0,5.029999999999999,0.0,0.0,0.0,3.0,0.0,0.0,0.0,0.0,0.0,0.0,0.0,2.948085565448549
85,0.0,0.0,4.94,0.0,0.0,0.0,3.0,0.0,0.0,0.0,0.0,0.0,0.0,0.0,2.938032744156507
86,1.44,0.48,2.02,0.0,1.25,1.25,0.75,0.25,0.25,0.0,0.0,0.0,0.0,0.5,1.179265342255259
87,1.94,0.0,2.09,0.0,1.75,1.25,0.75,0.0,0.0,0.0,0.0,0.0,0.0,0.25,1.342365393142401
88,1.98,0.0,2.42,0.0,1.75,1.25,0.75,0.0,0.0,0.0,0.0,0.0,0.0,0.0,1.882426593711742
89,2.51,0.0,2.0,0.0,2.25,1.5,0.75,0.0,0.0,0.0,0.0,0.0,0.0,0.0,1.917210010094515
90,2.5,0.51,1.66,0.0,2.25,1.5,0.75,0.0,0.0,0.0,0.0,0.0,0.0,0.0,1.78144375515696
91,2.96,0.0,1.01,0.0,2.25,1.5,0.75,0.0,0.0,0.0,0.0,0.0,0.0,0.0,1.890409517823359
92,3.05,0.9600000000000001,0.44,0.0,2.25,1.5,0.75,0.0,0.0,0.0,0.0,0.0,0.0,0.0,2.462847134550094
93,2.98,0.0,1.72,0.0,2.25,1.5,0.75,0.0,0.0,0.0,0.0,0.0,0.0,0.0,2.280526425804881
94,2.98,0.55,0.43,0.0,2.25,1.5,0.75,0.0,0.0,0.0,0.0,0.0,0.0,0.0,2.387320112768723
95,3.45,0.47,0.4,0.0,2.25,1.5,0.75,0.0,0.0,0.0,0.0,0.0,0.0,0.0,2.263250609465022
96,3.49,0.0,0.49,0.0,2.25,1.5,0.75,0.0,0.0,0.0,0.0,0.0,0.0,0.0,2.713078544323363
97,3.52,1.0,0.0,0.0,2.25,1.5,0.75,0.0,0.0,0.0,0.0,0.0,0.0,0.0,3.313878102294841
98,0.0,0.0,4.94,0.0,0.0,0.0,3.0,0.0,0.0,0.0,0.0,0.0,0.0,0.0,3.009882070454287
99,0.0,0.0,4.930000000000001,0.0,0.0,0.0,3.0,0.0,0.0,0.0,0.0,0.0,0.0,0.0,3.042278186028841
100,0.76,0.0,3.92,0.0,1.75,0.75,0.5,0.0,0.0,0.0,0.0,0.0,0.0,0.0,1.065701143497616
101,0.4,0.0,4.09,0.0,1.75,0.75,0.5,0.0,0.25,0.25,0.0,0.0,0.0,0.25,3.249755849293147
102,0.46,0.0,3.88,0.0,2.0,0.75,0.5,0.0,0.25,0.25,0.25,0.0,0.0,0.0,0.975501236416593
103,0.42,0.0,3.97,0.0,2.0,0.75,0.5,0.25,0.0,0.25,0.25,0.0,0.0,0.0,0.9916062694521781
104,0.49,0.0,4.029999999999999,0.0,3.25,0.75,0.5,0.0,0.0,0.0,0.0,0.0,0.0,0.0,1.080752261557377
105,1.05,1.56,1.46,0.0,2.5,0.0,1.25,0.0,0.0,0.0,0.0,0.0,0.5,0.0,0.904280857403597
106,1.68,0.0,1.41,0.0,3.25,0.0,1.25,0.0,0.0,0.0,0.0,0.0,0.0,0.0,1.835525744341693
107,1.48,0.0,1.57,1.09,3.25,0.0,1.25,0.0,0.0,0.0,0.0,0.0,0.0,0.0,1.659020039463632
108,1.42,1.04,1.89,0.0,3.5,0.0,1.25,0.0,0.0,0.0,0.0,0.0,0.0,0.0,1.772500358620255
109,1.46,0.48,1.96,0.0,3.5,0.0,1.25,0.0,0.0,0.0,0.0,0.0,0.0,0.0,1.961573083241038
110,1.42,0.0,1.92,0.0,3.5,0.0,1.25,0.0,0.0,0.0,0.0,0.0,0.0,0.0,1.625050968882617
111,0.0,0.0,4.55,0.0,3.5,0.75,0.5,0.0,0.0,0.0,0.0,0.0,0.0,0.0,0.9896808583796127
112,4.41,0.0,0.0,0.0,0.0,4.75,0.0,0.0,0.0,0.0,0.0,0.0,0.0,0.0,3.151799208930047
113,0.0,0.0,4.989999999999999,0.0,0.0,0.0,3.0,0.0,0.0,0.0,0.0,0.0,0.0,0.0,3.246292788017686
114,0.0,0.0,4.98,0.0,0.0,0.0,3.0,0.0,0.0,0.0,0.0,0.0,0.0,0.0,3.101917684303685
115,1.05,1.02,0.5900000000000001,0.33,0.0,0.0,1.5,0.0,0.0,2.25,0.0,0.0,0.0,0.25,1.046299897672382
116,0.95,0.98,0.51,0.0,0.0,0.0,1.5,0.0,0.0,2.25,0.0,0.0,0.0,0.5,1.022320979158535
117,1.03,0.95,1.12,0.0,0.0,0.0,1.75,0.0,0.0,2.5,0.0,0.0,0.0,0.25,1.218931918805519
118,0.9600000000000001,1.02,1.09,0.5199999999999999,0.0,0.0,1.75,0.0,0.0,2.5,0.0,0.0,0.0,0.0,1.517443088772481
119,1.57,1.0,1.04,0.0,0.0,0.0,1.75,0.0,0.0,2.5,0.0,0.0,0.0,0.25,1.330185223941484
120,1.52,0.9600000000000001,0.9600000000000001,0.53,0.0,0.0,1.75,0.0,0.0,2.5,0.0,0.0,0.0,0.25,1.220518567988159
121,1.51,1.09,1.21,0.0,0.0,0.0,1.75,0.0,0.0,2.5,0.0,0.0,0.0,0.0,1.644865111338718
122,1.41,0.8899999999999999,0.8400000000000001,0.0,0.0,0.0,1.75,0.0,0.0,2.75,0.0,0.0,0.0,0.0,1.480034998993316
123,1.45,1.07,1.05,0.53,0.0,0.0,1.75,0.0,0.0,2.5,0.0,0.0,0.0,0.0,1.649639921814088
124,1.5,0.92,0.87,0.5,0.0,0.0,1.75,0.0,0.0,2.75,0.0,0.0,0.0,0.0,1.463793763223403
125,1.98,0.98,1.05,0.0,0.0,0.0,1.75,0.0,0.0,2.75,0.0,0.0,0.0,0.0,1.440103277228505
126,3.45,0.94,0.0,0.0,0.0,1.0,0.75,0.0,0.0,2.75,0.0,0.0,0.0,0.0,2.55961518720557
127,0.0,0.0,4.4,0.0,0.0,0.5,1.0,1.0,0.0,2.0,0.0,0.0,0.0,0.0,1.074410715564816
128,0.0,0.0,5.02,0.0,0.0,0.0,3.0,0.0,0.0,0.0,0.0,0.0,0.0,0.0,3.273198902527161
129,3.5,0.92,0.0,0.0,0.0,0.75,1.0,0.0,0.0,2.75,0.0,0.0,0.0,0.0,2.104642873126517
130,1.95,1.49,0.41,0.0,0.5,0.0,1.75,0.0,0.5,0.0,0.0,0.0,0.0,0.0,1.46197727821339
131,4.48,0.0,0.0,0.0,0.0,2.75,0.25,0.0,0.0,0.0,0.0,0.0,0.0,0.0,1.505786600087305
132,3.03,1.47,0.0,0.0,0.0,0.75,1.75,0.0,0.0,2.25,0.0,0.0,0.0,0.0,3.032177371754149
133,2.95,1.46,0.0,0.0,0.0,0.75,1.75,0.0,0.0,1.5,0.0,0.0,0.0,0.0,2.544448045333942
134,3.0,1.49,0.0,0.0,0.25,0.75,2.0,0.0,0.0,0.25,0.25,0.5,0.0,0.0,2.251692558819507
135,3.01,1.52,0.0,0.0,0.0,0.75,2.0,0.0,0.0,0.25,0.0,0.0,0.25,0.0,4.915732602207563
136,2.99,1.51,0.0,0.0,0.25,0.75,2.0,0.0,0.0,0.5,0.0,0.0,0.0,0.0,3.730904288057483
137,3.0,1.5,0.0,0.0,0.0,0.75,2.0,0.0,0.0,0.25,0.0,0.25,0.0,0.0,5.743369286618674
138,5.61,0.0,0.0,0.0,0.0,3.75,0.0,0.0,0.0,0.25,0.0,0.0,0.0,0.5,4.297590784838797
139,4.4,0.0,0.0,0.0,0.0,3.75,0.0,0.0,0.0,0.25,0.0,0.0,0.0,0.0,5.406074162319646
140,4.43,0.0,0.0,0.0,0.0,4.0,0.0,0.0,0.0,0.0,0.0,0.0,0.0,0.0,4.537138164846306
141,4.52,0.0,0.0,0.0,0.0,4.0,0.0,0.0,0.0,0.25,0.0,0.0,0.0,0.25,3.789001075767675
142,0.0,0.0,4.890000000000001,0.0,0.0,0.0,3.0,0.0,0.0,0.0,0.0,0.0,0.0,0.0,3.297672997522308
143,0.0,0.0,5.0,0.0,0.0,0.0,3.0,0.0,0.0,0.0,0.0,0.0,0.0,0.0,3.311852580806498
144,0.9600000000000001,0.98,0.47,0.0,0.0,0.0,1.5,0.0,0.25,2.0,0.25,0.0,0.0,0.0,2.49750158609047
145,0.87,1.01,0.45,0.51,0.25,0.0,1.5,0.0,0.0,2.0,0.25,0.0,0.0,0.25,2.500721042961493
146,1.4,0.9600000000000001,0.99,0.0,0.0,0.0,1.75,0.0,0.0,2.75,0.0,0.0,0.0,0.0,1.530378532439133
147,1.47,0.99,1.1,0.49,0.0,0.0,1.75,0.0,0.0,2.75,0.0,0.0,0.0,0.0,1.481244873053764
148,1.43,0.91,1.02,0.5,0.0,0.0,1.75,0.0,0.0,2.5,0.0,0.0,0.0,0.0,1.591521804645168
149,1.43,0.99,0.98,0.0,0.0,0.0,1.75,0.0,0.0,2.5,0.0,0.0,0.0,0.0,1.478567798482939
150,1.49,1.01,1.02,0.0,0.0,0.0,1.75,0.0,0.0,2.5,0.25,0.0,0.0,0.0,2.219587070880643
151,1.39,1.04,0.98,0.0,0.25,0.0,1.75,0.0,0.0,2.5,0.0,0.0,0.0,0.0,2.389373202666763
152,2.45,0.9700000000000001,0.46,0.0,0.0,0.25,1.75,0.0,0.0,2.5,0.0,0.0,0.0,0.0,1.994343971057206
153,0.0,0.0,4.35,0.0,0.0,0.25,1.25,1.0,0.0,2.0,0.0,0.0,0.0,0.0,1.113452484812314
154,0.47,0.9700000000000001,2.63,0.0,0.0,0.0,2.0,0.25,0.0,2.5,0.0,0.0,0.0,0.0,2.139746842948313
155,3.5,1.0,0.0,0.0,0.0,0.5,1.5,0.0,0.0,2.5,0.0,0.0,0.0,0.0,2.168701171080924
156,0.47,1.02,2.94,0.0,0.0,0.0,2.0,0.25,0.0,2.5,0.0,0.0,0.0,0.0,2.304524416183797
157,0.0,0.0,4.97,0.0,0.0,0.0,3.0,0.0,0.0,0.0,0.0,0.0,0.0,0.0,3.081569112868813
158,0.0,0.0,4.91,0.0,0.0,0.0,3.0,0.0,0.0,0.0,0.0,0.0,0.0,0.0,3.154946745743473
159,3.7,1.17,0.0,0.0,0.0,0.75,1.5,0.0,0.0,2.25,0.0,0.0,0.0,0.0,2.205384593305571
160,3.44,0.9600000000000001,0.0,0.0,0.0,0.75,1.75,0.0,0.0,2.25,0.0,0.0,0.0,0.0,2.265122301415192
161,0.0,0.93,3.71,0.0,0.0,0.0,2.0,0.5,0.0,2.25,0.0,0.0,0.0,0.0,2.013713355762903
162,4.95,0.0,0.0,0.0,0.0,3.0,0.0,0.0,0.25,0.5,0.0,0.0,0.0,0.0,3.085637940018489
163,0.0,0.0,4.92,0.0,0.0,0.25,1.5,1.0,0.0,2.0,0.0,0.0,0.0,0.0,1.342042816106843
164,0.0,0.0,4.43,0.0,0.0,0.25,1.5,1.0,0.0,2.0,0.0,0.0,0.0,0.0,1.460956928697994
165,4.44,0.0,0.0,0.0,0.0,3.0,0.0,0.0,0.0,0.5,0.0,0.0,0.0,0.0,3.086688019368672
166,0.0,0.99,3.47,0.0,0.0,0.0,2.0,0.75,0.0,1.75,0.0,0.0,0.0,0.0,3.721698744407101
167,2.96,1.48,0.0,0.0,0.0,0.75,1.75,0.0,0.0,2.25,0.0,0.0,0.0,0.0,2.551225041589598
168,3.03,1.46,0.0,0.0,0.0,0.75,1.75,0.0,0.0,0.5,1.25,0.0,0.0,0.0,3.081750009437572
169,3.02,1.5,0.0,0.0,0.0,0.75,1.75,0.0,0.0,2.0,0.0,0.0,0.0,0.0,2.381751011495818
170,5.45,0.0,0.0,0.0,0.0,3.75,0.0,0.0,0.0,0.25,0.0,0.0,0.0,0.0,5.708904708830119
171,4.97,0.0,0.0,0.0,0.0,3.75,0.0,0.0,0.0,0.75,0.0,0.0,0.0,0.0,3.39890771859869
172,0.0,0.0,4.95,0.0,0.0,0.0,3.0,0.0,0.0,0.0,0.0,0.0,0.0,0.0,3.294657392351348
173,0.0,0.0,4.97,0.0,0.0,0.0,3.0,0.0,0.0,0.0,0.0,0.0,0.0,0.0,3.147340149624387
174,3.46,0.0,1.07,0.0,0.0,0.75,2.0,0.0,0.5,0.0,0.0,0.5,0.0,0.0,2.902682025123862
175,3.46,0.0,0.85,0.0,0.75,0.75,2.0,0.0,0.0,0.0,0.0,0.25,0.0,0.25,2.348892980171876
176,3.44,0.0,1.07,0.0,0.0,0.75,2.0,0.0,0.0,0.0,0.0,1.25,0.0,0.0,4.703670073720163
177,3.43,0.0,0.94,0.0,0.0,0.75,2.0,0.0,0.0,0.0,0.0,0.75,0.0,0.0,4.811667622833421
178,3.38,0.0,1.07,0.0,0.25,0.75,2.0,0.25,0.0,0.0,0.0,0.25,0.0,0.0,3.137912456672303
179,3.38,0.0,1.05,0.0,0.0,0.75,2.0,0.0,0.0,0.0,0.0,0.5,0.0,0.0,4.173411293135704
180,3.45,0.0,1.05,0.0,0.25,0.75,2.25,0.25,0.0,0.0,0.0,0.25,0.25,0.25,2.16202544009395
181,3.45,0.0,1.09,0.0,0.5,0.75,2.25,0.0,0.0,0.0,0.0,0.0,0.25,0.5,2.338760721767219
182,2.96,0.0,1.44,0.0,0.0,0.75,2.25,0.0,0.5,0.25,0.0,0.5,0.0,0.0,8.742044945883793
183,2.95,0.0,1.42,0.0,1.0,0.75,2.25,0.0,0.0,0.25,0.0,0.0,0.0,0.0,6.148197989924179
184,0.99,0.0,3.44,0.0,0.0,0.5,2.5,0.0,0.5,0.25,0.0,0.25,0.0,0.0,9.477285370095146
185,0.9700000000000001,0.0,3.44,0.0,0.0,0.5,2.5,0.0,0.0,0.25,0.0,0.5,0.0,0.0,9.486430010030992
186,1.02,0.0,3.47,0.0,0.25,0.5,2.5,0.0,0.25,0.25,0.0,0.0,0.0,0.0,8.408327312215045
187,0.0,0.0,5.01,0.0,0.0,0.0,3.0,0.0,0.0,0.0,0.0,0.0,0.0,0.0,3.194602300472721
188,0.0,0.0,4.97,0.0,0.0,0.0,3.0,0.0,0.0,0.0,0.0,0.0,0.0,0.0,3.338813406633381
189,0.0,0.0,4.94,0.0,0.0,0.25,3.0,0.0,0.0,0.5,0.0,0.0,0.0,0.0,13.74809462814807
190,0.0,0.0,4.989999999999999,0.0,0.0,0.25,3.25,0.0,0.0,0.75,0.0,0.0,0.0,0.0,15.11586892723036
191,0.0,0.0,4.49,0.0,0.0,0.25,3.25,0.0,0.25,0.75,0.0,0.0,0.0,0.0,14.66325647251833
192,0.0,0.0,5.02,0.0,0.0,0.0,3.5,0.0,0.0,0.75,0.0,0.0,0.0,0.0,16.01849257596034
193,0.0,0.0,4.45,0.0,0.0,0.0,3.5,0.0,0.0,0.75,0.0,0.0,0.0,0.0,15.86137039016601
194,0.0,0.0,4.97,0.0,0.0,3.5,0.0,0.0,0.0,0.25,0.25,0.0,0.25,0.0,0.1892361448267853
195,0.0,0.0,4.94,0.0,0.0,3.5,0.0,0.0,0.0,0.25,0.25,0.0,0.0,0.0,0.1692477674799308
196,0.0,0.0,4.5,0.0,0.0,3.5,0.0,0.0,0.0,0.25,0.25,0.0,0.0,0.0,0.1517541099201384
197,0.0,0.0,4.94,0.0,0.0,0.0,4.0,0.0,0.0,0.75,0.0,0.0,0.0,0.0,18.35875542922193
198,0.0,0.0,5.11,0.0,0.0,4.0,0.0,0.0,0.0,0.0,0.5,0.0,0.0,0.0,0.3028067078568915
199,0.0,0.0,4.41,0.0,0.0,3.0,0.75,0.0,0.0,0.75,0.0,0.0,0.0,0.0,4.308720211253185
200,0.0,0.0,0.0,0.0,0.0,4.0,0.0,0.0,0.0,0.0,0.75,0.0,0.0,0.0,0.07096586027905939
201,0.0,1.55,0.0,0.0,0.0,4.0,0.0,0.0,0.0,0.0,0.75,0.0,0.0,0.0,0.3674981658135244
202,0.0,0.0,4.989999999999999,0.0,0.0,0.0,3.0,0.0,0.0,0.0,0.0,0.0,0.0,0.0,3.233496297581977
203,0.0,0.0,4.98,0.0,0.0,0.0,3.0,0.0,0.0,0.0,0.0,0.0,0.0,0.0,3.23961168721252
204,4.09,0.0,0.75,0.0,0.0,0.5,2.25,0.0,0.25,0.0,0.0,0.5,0.0,0.0,3.579970351879758
205,4.01,0.0,0.51,0.0,0.0,0.5,2.25,0.0,0.0,0.0,0.0,0.5,0.0,0.0,5.21258784995022
206,3.99,0.0,0.46,0.0,0.25,0.5,2.25,0.25,0.0,0.0,0.0,0.25,0.0,0.0,2.896994300662907
207,3.97,0.0,0.51,0.0,0.0,0.5,2.25,0.0,0.0,0.0,0.0,0.5,0.25,0.0,3.919346632177588
208,3.96,0.0,0.48,0.0,0.25,0.5,2.25,0.0,0.25,0.0,0.0,0.0,0.0,0.0,3.003944560860754
209,4.069999999999999,0.0,0.5199999999999999,0.0,0.25,0.5,2.25,0.0,0.0,0.0,0.0,0.0,0.0,0.0,2.842784884923005
210,3.46,0.0,1.02,0.0,1.0,0.5,2.25,0.0,0.0,0.0,0.0,0.0,0.0,0.0,2.640180569798082
211,3.43,0.0,0.86,0.0,0.0,0.5,2.25,0.0,0.25,0.0,0.0,0.25,0.0,0.0,3.210087984986821
212,3.47,0.0,1.11,0.0,0.25,0.5,2.5,0.0,0.5,0.0,0.0,0.25,0.0,0.0,3.070311403515648
213,3.46,0.0,1.09,0.0,0.0,0.5,2.5,0.0,0.0,0.0,0.0,0.0,0.0,0.0,3.492851052049483
214,0.0,0.0,4.4,0.0,0.0,0.0,3.25,0.0,0.0,0.75,0.0,0.0,0.0,0.0,16.50324973641791
215,0.0,0.0,4.49,0.0,0.0,0.0,3.25,0.0,0.25,0.75,0.0,0.0,0.0,0.0,16.66554336281423
216,0.0,0.0,4.899999999999999,0.0,0.0,0.0,3.5,0.0,0.0,0.75,0.0,0.0,0.0,0.0,18.15975186703672
217,0.0,0.0,4.989999999999999,0.0,0.0,0.0,3.0,0.0,0.0,0.0,0.0,0.0,0.0,0.0,3.283104251354025
218,0.0,0.0,5.01,0.0,0.0,0.0,3.0,0.0,0.0,0.0,0.0,0.0,0.0,0.0,3.10887757104622
219,4.68,0.0,0.0,0.0,0.0,3.5,0.0,0.0,0.0,0.0,0.25,0.0,0.0,0.0,3.67007297496542
220,4.989999999999999,0.0,0.0,0.0,0.0,3.5,0.0,0.0,0.0,0.0,0.25,0.0,0.0,0.0,4.55357356647417
221,4.460000000000001,0.0,0.0,0.0,0.0,3.5,0.0,0.0,0.0,0.0,0.25,0.5,0.0,0.0,5.3415043500336
222,5.05,0.0,0.0,0.0,0.0,3.5,0.0,0.0,0.0,0.0,0.25,0.0,0.25,0.0,5.552966213587676
223,0.0,0.0,4.899999999999999,0.0,0.0,0.0,3.75,0.0,0.0,0.75,0.0,0.0,0.0,0.0,17.76550062964352
224,0.0,0.0,4.4,0.0,0.0,0.0,3.75,0.0,0.0,0.75,0.0,0.0,0.0,0.0,18.23747722510523
225,0.0,0.0,4.48,0.0,0.0,0.0,4.0,0.0,0.0,0.75,0.0,0.0,0.0,0.0,18.09035192302177
226,0.0,0.0,4.92,0.0,0.0,0.0,4.0,0.0,0.0,0.75,0.0,0.0,0.0,0.0,18.66542199296161
227,4.97,0.0,0.0,0.0,0.0,3.75,0.0,0.0,0.0,0.0,0.5,0.0,0.0,0.0,6.300068789100363
228,4.41,0.0,0.0,0.0,0.0,3.75,0.0,0.0,0.0,0.0,0.5,0.0,0.0,0.0,5.13073004499549
229,0.0,0.27,0.0,0.0,0.0,1.75,0.0,0.0,0.0,2.25,0.75,0.0,0.0,0.0,0.1719383233788299
230,0.0,3.87,0.0,0.0,0.0,1.75,0.0,0.0,0.0,2.25,0.75,0.0,0.0,0.0,0.2484859552565672
231,0.0,0.0,4.91,0.0,0.0,0.0,3.0,0.0,0.0,0.0,0.0,0.0,0.0,0.0,3.198291260189519
232,0.0,0.0,4.96,0.0,0.0,0.0,3.0,0.0,0.0,0.0,0.0,0.0,0.0,0.0,3.086186343990895
233,3.96,0.0,0.5900000000000001,0.0,0.25,0.5,2.25,0.25,0.0,0.0,0.0,0.25,0.0,0.0,2.33387347204477
234,4.04,0.0,0.5599999999999999,0.0,0.5,0.5,2.25,0.0,0.0,0.0,0.0,0.25,0.0,0.0,2.461622033343364
235,4.14,0.0,0.53,0.0,0.25,0.5,2.25,0.0,0.0,0.0,0.0,0.0,0.0,0.0,2.482085201506866
236,3.98,0.0,0.47,0.0,0.0,0.5,2.25,0.0,0.0,0.0,0.0,0.5,0.0,0.0,4.855130070344166
237,3.97,0.0,0.53,0.0,0.25,0.5,2.25,0.25,0.0,0.0,0.0,0.5,0.0,0.0,2.527203755725409
238,3.94,0.0,0.5199999999999999,0.0,0.0,0.5,2.25,0.0,0.0,0.0,0.0,0.25,0.0,0.0,3.808030720436268
239,3.93,0.0,0.5199999999999999,0.0,1.0,0.5,2.25,0.0,0.0,0.0,0.0,0.0,0.0,0.0,2.048305920581826
240,2.48,0.0,1.9,0.0,0.75,0.5,2.5,0.0,0.0,0.25,0.0,0.0,0.0,0.0,5.225846880289496
241,0.0,0.0,4.48,0.0,0.0,0.0,3.25,0.0,0.0,0.75,0.0,0.25,0.0,0.0,16.53542104953931
242,0.0,0.0,4.49,0.0,0.0,0.0,3.25,0.0,0.0,0.75,0.0,0.0,0.0,0.0,16.94460346427426
243,0.0,0.0,4.64,0.0,0.0,0.0,3.5,0.0,0.0,0.75,0.0,0.0,0.0,0.0,18.02498293396878
244,0.0,0.0,4.97,0.0,0.0,0.0,3.0,0.0,0.0,0.0,0.0,0.0,0.0,0.0,3.094673729423749
245,0.0,0.47,1.56,1.92,0.5,0.0,2.25,0.0,0.0,0.75,0.25,0.0,0.0,0.0,2.633962650034595
246,0.0,0.0,4.51,0.0,0.0,0.0,4.0,0.0,0.0,0.5,0.0,0.0,0.0,0.0,15.94720169058538
247,0.98,0.0,2.5,0.14,0.0,0.0,1.75,0.0,0.25,0.25,0.0,0.5,0.5,0.25,5.496337372105468
248,0.0,2.41,0.0,0.51,0.25,0.0,1.75,0.5,0.0,0.5,0.0,0.5,0.0,0.0,1.526186448644183
249,4.49,0.0,0.0,0.0,0.0,3.25,0.0,0.0,0.0,0.0,0.25,0.25,0.75,0.0,2.507486083701307
250,2.5,0.0,1.06,0.43,0.0,0.25,2.0,0.0,0.0,0.25,0.0,0.25,0.0,0.25,5.609573987804382
251,0.48,0.0,1.08,0.0,0.0,0.25,2.0,0.0,0.25,0.25,0.0,0.25,0.5,0.0,5.418262584507068
252,0.0,0.0,2.15,2.74,0.0,0.0,2.0,0.0,0.25,0.5,0.0,0.25,0.0,0.5,8.14662075889142
253,5.0,0.0,0.0,0.0,0.0,3.25,0.0,0.0,0.0,0.0,0.25,0.25,0.75,0.0,4.11412153257181
254,0.0,0.41,3.42,0.0,0.0,0.25,1.5,1.0,0.25,0.75,0.0,0.25,0.0,0.0,7.665347747040488
255,4.989999999999999,0.0,0.0,0.0,0.0,3.0,0.0,0.0,0.0,0.0,0.25,0.25,0.75,0.0,4.529026969596309
256,0.0,0.0,4.91,0.0,0.0,0.0,3.0,0.0,0.0,0.0,0.0,0.0,0.0,0.0,3.07087091312067
257,0.0,0.0,5.0,0.0,0.0,0.0,3.0,0.0,0.0,0.0,0.0,0.0,0.0,0.0,2.742658967447493
258,0.0,0.5,3.1,0.0,0.0,0.0,1.25,0.75,0.0,0.5,0.0,0.0,0.0,0.0,6.123672527029915
259,1.63,0.0,1.9,0.0,0.0,0.0,2.25,0.0,0.25,0.75,0.0,0.0,0.0,0.25,9.219052902982002
260,0.0,0.0,2.5,1.39,0.0,0.25,1.75,0.5,0.0,0.5,0.0,0.25,0.25,0.0,7.345284370504934
261,4.44,0.0,0.0,0.0,0.0,3.0,0.0,0.0,0.0,0.0,0.25,0.25,1.0,0.0,3.647639129295315
262,0.0,0.0,4.44,0.0,0.0,0.0,4.0,0.0,0.0,0.5,0.0,0.25,0.0,0.0,14.84646781535468
263,0.0,0.53,1.56,1.2,0.0,0.25,2.25,0.0,0.5,0.5,0.0,0.0,0.0,0.0,7.946304422723906
264,4.930000000000001,0.0,0.0,0.0,0.0,3.0,0.0,0.0,0.0,0.0,0.25,0.25,1.0,0.0,4.107667220692653
265,0.0,0.0,4.5,0.0,0.0,0.0,3.75,0.0,0.0,0.5,0.0,0.25,0.0,0.0,14.57781738600668
266,4.47,0.0,0.0,0.0,0.0,2.75,0.0,0.0,0.0,0.0,0.5,0.5,0.75,0.0,3.969370026928094
267,4.92,0.0,0.0,0.0,0.0,2.75,0.0,0.0,0.0,0.0,0.5,1.0,0.5,0.0,2.240870044734274
268,0.0,0.0,4.460000000000001,0.0,0.0,0.0,3.75,0.0,0.0,0.5,0.0,0.5,0.0,0.0,3.205412582070328
269,5.06,0.0,0.0,0.0,0.0,2.75,0.0,0.0,0.0,0.0,0.5,1.5,0.0,0.0,3.168996183857176
270,0.0,0.0,4.44,0.0,0.0,3.25,0.0,0.0,0.0,1.5,0.0,0.0,0.0,0.0,0.2704955105038873
271,0.0,0.0,5.02,0.0,0.0,0.0,3.0,0.0,0.0,0.0,0.0,0.0,0.0,0.0,2.665260670548352
272,0.0,0.0,4.95,0.0,0.0,0.0,3.0,0.0,0.0,0.0,0.0,0.0,0.0,0.0,2.70889672812382
273,0.0,0.0,4.45,0.0,0.0,0.0,4.0,0.0,0.0,0.5,0.0,0.0,0.0,0.0,2.719974180139049
274,4.43,0.0,0.0,0.0,0.0,3.5,0.0,0.0,0.0,0.0,0.25,0.5,0.0,0.0,2.531556070021911
275,1.01,0.0,1.06,2.15,0.0,0.5,1.75,0.0,0.25,0.5,0.0,0.75,0.0,0.0,1.408442403637669
276,5.01,0.0,0.0,0.0,0.0,3.5,0.0,0.0,0.0,0.0,0.25,0.5,0.0,0.0,3.444783324416385
277,0.49,0.0,2.01,0.16,0.0,0.0,1.25,0.0,0.0,0.5,0.0,1.5,0.25,0.25,1.248596838847759
278,0.43,1.68,1.33,0.73,0.0,0.0,1.5,0.0,0.25,0.25,0.0,1.0,0.75,0.0,1.135776429207151
279,0.98,0.93,0.41,2.19,0.0,0.25,2.0,0.5,0.0,0.5,0.0,0.25,0.0,0.25,4.149993164051771
280,0.0,0.0,2.95,0.2,0.0,0.0,1.25,0.0,0.25,0.25,0.0,0.75,0.0,0.0,6.084439030345245
281,0.99,0.0,1.95,0.34,0.0,0.25,1.5,0.0,0.0,0.5,0.0,0.0,0.5,0.0,7.683518761520438
282,0.0,0.0,2.52,0.6,0.0,0.0,1.0,0.0,0.25,0.5,0.0,0.5,0.0,0.25,4.924097652011993
283,4.45,0.0,0.0,0.0,0.0,3.5,0.0,0.0,0.0,0.0,0.25,0.75,0.0,0.0,3.073723287969159
284,4.97,0.0,0.0,0.0,0.0,3.5,0.0,0.0,0.0,0.0,0.25,0.75,0.0,0.0,2.433558019654772
285,0.51,1.46,1.0,0.5,0.0,0.5,2.25,0.0,0.0,0.25,0.0,0.5,0.25,0.25,3.749739360790327
286,0.0,0.0,4.88,0.0,0.0,0.0,3.0,0.0,0.0,0.0,0.0,0.0,0.0,0.0,2.788184416175937
287,0.0,0.0,4.97,0.0,0.0,0.0,3.0,0.0,0.0,0.0,0.0,0.0,0.0,0.0,2.751015805439773
288,0.0,0.0,2.14,3.41,0.0,0.5,1.75,0.25,0.25,0.25,0.0,0.25,0.25,0.0,1.226729743600985
289,0.99,1.07,0.48,1.11,0.25,0.25,2.0,0.0,0.0,0.5,0.0,0.25,0.0,0.0,1.414063084878965
290,0.0,0.98,2.38,0.53,1.25,0.75,1.0,0.0,0.5,0.25,0.0,0.0,0.0,0.0,3.002839989220033
291,0.0,2.43,0.95,0.0,0.25,0.0,2.0,0.0,0.0,0.75,0.0,0.0,1.0,0.0,7.0180252983949
292,4.57,0.0,0.0,0.0,0.0,3.25,0.0,0.0,0.0,0.0,0.25,1.0,0.0,0.0,3.175646570660051
293,0.0,0.51,1.42,0.0,0.5,0.25,2.0,0.25,0.0,0.25,0.0,0.75,0.25,0.0,4.131413125094092
294,1.12,0.43,3.01,0.0,0.0,0.25,1.75,0.25,0.0,0.25,0.25,0.25,0.5,0.0,1.492227194536666
295,4.5,0.0,0.0,0.0,0.0,3.0,0.0,0.0,0.0,0.0,0.5,1.25,0.0,0.0,4.095354090665727
296,0.48,0.0,4.05,0.0,0.0,0.0,4.0,0.0,0.0,0.5,0.0,0.0,0.0,0.0,14.17210962568378
297,0.0,0.41,0.42,1.18,0.0,0.25,1.75,0.0,0.0,0.75,0.0,1.25,0.0,0.25,3.572780310574901
298,0.95,0.0,3.54,0.0,1.75,0.25,0.0,0.0,0.0,2.5,0.0,0.0,0.0,0.0,0.116525139135498
299,0.92,0.0,3.48,0.0,2.0,0.0,0.0,0.0,0.0,2.5,0.0,0.0,0.0,0.0,0.07368202682401401
300,4.930000000000001,0.0,0.0,0.0,0.0,2.5,0.0,0.0,0.0,0.0,0.5,1.5,0.0,0.0,4.048377432324219
301,0.0,0.0,5.15,0.0,0.0,0.0,3.0,0.0,0.0,0.0,0.0,0.0,0.0,0.0,2.799314727266787
302,0.0,0.0,4.96,0.0,0.0,0.0,3.0,0.0,0.0,0.0,0.0,0.0,0.0,0.0,2.489219242774471
303,4.460000000000001,0.0,0.0,0.0,0.0,3.5,0.0,0.0,0.0,0.0,0.25,0.0,0.25,0.0,3.154712345375233
304,4.649999999999999,0.0,0.0,0.0,0.0,3.5,0.0,0.0,0.0,0.0,0.0,0.0,0.25,0.0,2.693671974454864
305,0.48,0.51,1.18,1.68,0.0,0.5,1.75,0.75,0.0,0.5,0.0,0.25,0.0,0.0,0.8592908573073204
306,1.01,0.0,0.0,1.85,0.0,0.0,2.0,0.5,0.25,0.75,0.0,0.0,0.0,0.25,1.222319958743132
307,0.0,0.45,2.95,0.54,0.0,0.25,1.5,0.0,0.25,1.0,0.0,0.25,0.0,0.25,4.583847813802363
308,0.46,0.46,0.99,2.34,0.0,0.5,1.75,0.0,0.0,0.75,0.0,0.25,0.0,0.0,5.34966438234521
309,5.0,0.0,0.0,0.0,0.0,3.0,0.0,0.0,0.0,0.0,0.25,0.5,0.0,0.0,3.69814434383312
310,4.54,0.0,0.0,0.0,0.0,3.5,0.0,0.0,0.0,0.0,0.25,0.0,0.5,0.0,3.201594068434161
311,0.5199999999999999,0.0,2.45,0.8099999999999999,0.5,0.0,2.0,0.25,0.0,0.5,0.0,0.25,0.0,0.25,6.446978067864245
312,1.07,0.47,1.97,0.0,0.0,0.5,1.25,0.0,0.75,0.25,0.0,0.5,0.5,0.0,5.021719168936396
313,0.48,1.02,2.45,0.0,0.25,1.25,1.5,0.0,0.25,0.25,0.0,0.25,0.0,0.0,5.363868959938268
314,4.45,0.0,0.0,0.0,0.0,3.25,0.0,0.0,0.0,0.0,0.25,0.0,0.5,0.0,3.517505768187134
315,0.0,0.5199999999999999,2.96,0.0,0.0,0.25,1.75,0.0,0.25,0.25,0.0,0.5,0.25,0.5,4.630428951509225
316,0.0,0.0,5.02,0.0,0.0,0.0,3.0,0.0,0.0,0.0,0.0,0.0,0.0,0.0,2.557229431522709
317,0.0,0.0,5.11,0.0,0.0,0.0,3.0,0.0,0.0,0.0,0.0,0.0,0.0,0.0,2.479048415455811
318,4.720000000000001,0.0,0.0,0.0,0.0,3.0,0.0,0.0,0.0,0.0,0.25,0.5,0.0,0.0,3.113642316859345
319,0.0,0.42,2.64,0.7699999999999999,0.0,0.0,2.25,0.0,0.0,0.25,0.0,0.25,0.0,0.75,1.340375923601251
320,4.95,0.0,0.0,0.0,0.0,3.25,0.0,0.0,0.0,0.0,0.25,0.0,0.75,0.0,3.676732540273662
321,4.899999999999999,0.0,0.0,0.0,0.0,2.75,0.5,0.0,0.0,0.0,0.0,0.5,0.0,0.0,2.47621618712995
322,4.41,0.0,0.0,0.0,0.0,3.0,0.0,0.0,0.0,0.0,0.25,0.0,1.0,0.0,5.443155358776989
323,0.57,2.01,0.94,0.0,0.0,0.0,2.5,0.0,0.0,1.0,0.0,0.25,0.0,0.0,8.01012193171642
324,0.0,0.0,2.11,0.25,0.25,0.25,2.0,0.0,0.0,0.75,0.0,0.25,0.0,0.0,7.314118361615821
325,0.0,0.0,2.42,2.04,0.0,0.25,1.75,0.0,0.0,0.5,0.0,0.0,0.75,0.0,8.284371397597022
326,4.84,0.0,0.0,0.0,0.0,3.0,0.0,0.0,0.0,0.0,0.25,0.0,1.0,0.0,5.639417311227962
327,4.43,0.0,0.0,0.0,0.0,2.5,1.0,0.0,0.0,0.0,0.0,0.5,0.0,0.0,3.214225454216541
328,4.930000000000001,0.0,0.0,0.0,0.0,2.5,1.0,0.0,0.0,0.0,0.0,0.5,0.0,0.0,2.77326220837625
329,4.460000000000001,0.0,0.0,0.0,0.0,3.0,0.0,0.0,0.0,0.0,0.25,0.0,1.25,0.0,4.47067086923835
330,4.989999999999999,0.0,0.0,0.0,0.0,3.0,0.0,0.0,0.0,0.0,0.25,0.0,1.25,0.0,5.057488454313382
331,0.0,0.0,4.930000000000001,0.0,0.0,0.0,3.0,0.0,0.0,0.0,0.0,0.0,0.0,0.0,2.668416759859231
332,0.0,0.0,5.05,0.0,0.0,0.0,3.0,0.0,0.0,0.0,0.0,0.0,0.0,0.0,2.701201702126812
333,0.48,0.98,2.41,0.0,0.75,0.25,1.5,0.25,0.0,0.5,0.0,0.25,0.0,0.0,1.120576990560201
334,0.0,0.0,4.43,0.0,0.0,0.0,3.75,0.25,0.0,0.75,0.0,0.0,0.0,0.0,12.41947101663852
335,0.0,0.0,1.5,1.68,0.0,0.5,1.5,1.0,0.0,0.5,0.0,0.0,0.0,0.0,4.925557492563745
336,1.01,0.0,2.49,0.24,0.25,0.0,1.0,1.0,0.0,0.25,0.0,0.75,0.0,0.0,4.478275341285089
337,0.0,0.45,2.48,0.37,0.0,0.5,1.75,0.0,0.25,0.25,0.0,0.25,0.0,0.25,3.421024507247674
338,4.98,0.0,0.0,0.0,0.0,4.25,0.0,0.0,0.0,0.0,0.25,0.0,0.0,0.0,4.129728982555863
339,1.94,0.0,1.4,0.0,0.0,0.0,2.25,0.0,0.75,0.5,0.0,0.0,0.0,0.0,8.230209097436491
340,4.49,0.0,0.0,0.0,0.0,4.25,0.0,0.0,0.0,0.0,0.25,0.0,0.0,0.0,3.395218037082837
341,2.09,1.11,1.43,0.0,0.25,1.25,2.0,0.0,0.0,0.25,0.0,0.0,0.0,0.0,5.637032471327948
342,0.0,0.54,1.05,1.41,0.25,0.25,2.0,0.25,0.0,0.75,0.0,0.25,0.0,0.0,5.707562220139308
343,1.46,0.44,1.96,0.0,0.0,1.0,1.25,0.0,0.0,0.5,0.0,0.25,0.5,0.25,5.089451179184033
344,5.04,0.0,0.0,0.0,0.0,1.75,1.5,0.0,0.0,0.0,0.0,1.25,0.0,0.0,5.123050559647967
345,0.58,0.0,1.58,1.15,0.0,0.5,1.5,0.0,0.5,0.75,0.0,0.25,0.0,0.0,5.137264986524336
346,0.0,0.0,4.97,0.0,0.0,0.0,3.0,0.0,0.0,0.0,0.0,0.0,0.0,0.0,2.523212189104398
347,0.0,0.0,5.08,0.0,0.0,0.0,3.0,0.0,0.0,0.0,0.0,0.0,0.0,0.0,2.695664591144556
348,0.0,0.0,3.4,0.0,0.0,0.5,1.25,0.0,0.0,1.0,0.0,0.0,0.25,0.75,2.616904547571584
349,4.98,0.0,0.0,0.0,0.0,1.5,1.75,0.0,0.0,0.0,0.25,1.25,0.0,0.0,1.975282342629535
350,4.38,0.0,0.0,0.0,0.0,1.5,1.75,0.0,0.0,0.0,0.25,1.25,0.0,0.0,2.321731872543833
351,4.91,0.0,0.0,0.0,0.0,1.0,2.25,0.0,0.0,0.0,0.25,1.25,0.0,0.0,2.742072900077911
352,4.41,0.0,0.0,0.0,0.0,1.0,2.25,0.0,0.0,0.0,0.25,1.25,0.0,0.0,2.200743183921338
353,4.47,0.0,0.0,0.0,0.0,0.5,2.5,0.0,0.0,0.0,0.25,1.25,0.0,0.0,2.272389139237952
354,0.58,0.0,3.92,0.0,0.0,0.0,4.0,0.0,0.0,0.75,0.0,0.0,0.0,0.0,14.9609149520717
355,4.5,0.0,0.0,0.0,0.0,2.25,1.5,0.0,0.0,0.0,0.5,0.0,0.0,0.0,1.884073345379559
356,5.26,0.0,0.0,0.0,0.0,0.5,2.5,0.0,0.0,0.0,0.25,1.25,0.0,0.0,3.328929635576818
357,4.47,0.0,0.0,0.0,0.0,0.25,2.75,0.0,0.0,0.0,0.25,1.25,0.0,0.0,2.433775084852227
358,4.92,0.0,0.0,0.0,0.0,0.25,2.75,0.0,0.0,0.0,0.25,1.25,0.0,0.0,2.226009052773792
359,4.44,0.0,0.0,0.0,0.0,0.0,3.0,0.0,0.0,0.0,0.25,1.25,0.0,0.0,2.497933747355342
360,4.94,0.0,0.0,0.0,0.0,0.0,3.0,0.0,0.0,0.0,0.25,1.25,0.0,0.0,2.778306740481777
361,0.0,0.0,4.95,0.0,0.0,0.0,3.0,0.0,0.0,0.0,0.0,0.0,0.0,0.0,2.239884649767289
362,0.0,0.0,4.989999999999999,0.0,0.0,0.0,3.0,0.0,0.0,0.0,0.0,0.0,0.0,0.0,2.225467717956716
363,4.98,0.0,0.0,0.0,0.0,3.5,0.0,0.0,0.0,0.0,0.25,0.0,0.75,0.0,1.557515391034742
364,4.52,0.0,0.0,0.0,0.0,3.5,0.0,0.0,0.0,0.0,0.25,0.0,0.75,0.0,1.353985197123843
365,4.95,0.0,0.0,0.0,0.0,3.25,0.0,0.0,0.0,0.0,0.25,0.0,1.0,0.0,1.514576946959342
366,4.53,0.0,0.0,0.0,0.0,3.25,0.0,0.0,0.0,0.0,0.25,0.0,1.0,0.0,1.899670775522254
367,0.0,0.8899999999999999,2.96,0.0,0.25,1.0,1.5,0.25,0.25,0.25,0.0,0.0,0.0,0.0,0.8740396199507773
368,5.34,0.0,0.0,0.0,0.0,1.75,1.75,0.0,0.0,0.0,0.0,1.25,0.0,0.0,3.656185465983092
369,0.0,0.54,3.03,0.14,0.0,0.0,2.0,0.75,0.0,0.5,0.0,0.25,0.0,0.5,4.31751252916591
370,5.34,0.0,0.0,0.0,0.0,3.0,0.0,0.0,0.0,0.0,0.25,0.0,1.25,0.0,1.975836905942788
371,4.83,0.0,0.0,0.0,0.0,2.5,0.0,0.0,0.0,0.0,0.25,0.0,1.5,0.0,1.683413883939824
372,4.25,0.0,0.0,0.0,0.0,2.5,0.0,0.0,0.0,0.0,0.25,0.0,1.5,0.0,1.687341506018882
373,4.850000000000001,0.0,0.0,0.0,0.0,2.5,0.0,0.0,0.0,0.0,0.25,0.0,1.75,0.0,1.205438745000704
374,4.32,0.0,0.0,0.0,0.0,2.5,0.0,0.0,0.0,0.0,0.25,0.0,1.75,0.0,1.117955019834303
375,0.0,1.48,1.47,0.21,0.25,0.25,1.5,0.0,0.0,0.75,0.0,0.0,1.0,0.0,4.858115322746569
376,0.0,0.0,4.899999999999999,0.0,0.0,0.0,3.0,0.0,0.0,0.0,0.0,0.0,0.0,0.0,1.926565293522584
377,0.0,0.0,4.96,0.0,0.0,0.0,3.0,0.0,0.0,0.0,0.0,0.0,0.0,0.0,2.081450589061391
378,0.0,0.0,4.47,0.0,0.0,0.0,3.75,0.0,0.0,0.5,0.0,0.0,0.0,0.0,1.342624664805068
379,0.0,0.0,4.02,0.33,0.0,0.0,1.5,0.75,0.0,0.5,0.0,0.0,0.0,0.0,3.512490811146176
380,0.0,0.44,4.11,0.0,0.0,0.0,1.5,0.75,0.25,0.5,0.0,0.0,0.0,0.0,6.086608223265438
381,0.0,0.0,3.88,0.0,0.0,0.0,1.5,0.75,0.0,0.5,0.0,0.0,0.0,0.0,6.777054558250583
382,0.0,0.0,3.95,0.0,0.25,0.0,1.5,0.75,0.0,0.5,0.0,0.0,0.0,0.0,6.585736495745875
383,0.0,0.0,3.99,0.0,0.0,0.0,1.5,0.75,0.5,0.5,0.0,0.0,0.0,0.0,7.595633885334183
384,0.0,0.0,4.01,0.0,0.0,0.0,1.5,0.75,0.25,0.5,0.0,0.0,0.0,0.0,7.911355642180705
385,0.0,0.0,3.96,0.35,0.0,0.0,1.5,0.75,0.25,0.5,0.0,0.0,0.0,0.0,7.930215638632842
386,0.0,0.0,4.42,0.0,0.0,0.0,1.5,0.75,0.0,0.5,0.0,0.0,0.0,0.0,8.071818470809434
387,0.0,0.0,4.41,0.0,0.0,0.0,1.5,0.75,0.5,0.5,0.0,0.0,0.0,0.0,7.347999943774199
388,0.0,0.0,3.06,0.48,0.75,0.0,2.0,0.0,0.0,0.5,0.0,0.0,0.25,0.25,6.394756209667583
389,4.930000000000001,0.0,0.0,0.0,0.0,3.5,0.0,0.0,0.0,0.0,0.25,0.0,0.0,0.0,3.562459539435875
390,0.94,1.08,1.94,0.0,0.0,0.0,1.5,0.0,1.0,0.75,0.0,0.25,0.25,0.0,6.01934227062635
391,0.0,0.0,4.98,0.0,0.0,0.0,3.0,0.0,0.0,0.0,0.0,0.0,0.0,0.0,2.421149710337416
392,0.0,0.0,4.96,0.0,0.0,0.0,3.0,0.0,0.0,0.0,0.0,0.0,0.0,0.0,2.316295297291913
393,4.819999999999999,0.0,0.0,0.0,0.25,3.5,0.0,0.0,0.0,0.0,0.25,0.0,0.0,0.0,3.344457577754064
394,0.4,0.0,2.63,0.3,0.5,0.75,0.0,0.75,0.0,0.5,0.0,0.0,0.25,0.0,0.2688600323293711
395,4.859999999999999,0.0,0.0,0.0,0.5,3.75,0.0,0.0,0.0,0.0,0.25,0.0,0.0,0.0,3.026093103862779
396,0.0,0.0,2.48,0.51,0.0,1.0,1.5,0.0,0.0,0.25,0.0,0.5,0.0,0.0,1.203084234793974
397,4.38,0.0,0.0,0.0,0.0,3.75,0.0,0.0,0.0,0.0,0.25,0.0,0.0,0.0,4.07017180658078
398,0.47,0.95,1.58,0.39,0.25,0.75,0.25,1.0,0.0,0.75,0.0,0.0,0.0,0.0,0.6367904979845403
399,0.46,0.99,1.03,0.54,0.0,0.5,0.5,1.0,0.25,1.0,0.0,0.0,0.75,0.0,0.5761516852310261
400,0.0,1.44,1.53,0.0,0.5,0.0,2.0,0.0,0.0,0.5,0.0,0.0,0.0,0.0,6.168534220597314
401,0.45,0.0,1.02,2.74,1.25,0.0,0.25,1.25,0.0,0.75,0.0,0.25,0.0,0.0,0.477964892676206
402,0.47,1.38,1.41,0.5,0.25,0.0,0.5,1.25,0.0,0.5,0.0,0.25,0.75,0.0,1.231713461899191
403,0.47,1.05,0.49,1.01,0.0,0.5,0.75,1.0,0.25,0.75,0.0,0.0,0.0,0.0,1.414791260963407
404,0.0,0.0,4.97,0.0,0.0,0.0,3.75,0.0,0.0,0.5,0.0,0.0,0.0,0.25,11.75771403900906
405,0.0,0.0,4.44,0.0,0.0,0.0,3.75,0.0,0.0,0.5,0.0,0.0,0.0,0.25,11.64543397110494
406,0.0,0.0,5.08,0.0,0.0,0.0,3.0,0.0,0.0,0.0,0.0,0.0,0.0,0.0,2.66255393709136
407,0.0,0.0,5.0,0.0,0.0,0.0,3.0,0.0,0.0,0.0,0.0,0.0,0.0,0.0,2.562243605348707
408,0.0,0.0,4.44,0.0,0.0,0.0,3.75,0.0,0.0,0.5,0.0,0.0,0.0,0.0,2.463409272309744
409,0.0,0.0,3.98,0.5199999999999999,0.0,0.0,1.5,0.75,0.0,0.5,0.0,0.0,0.0,0.0,6.19281553120099
410,0.0,0.0,4.02,0.0,0.25,0.0,1.5,0.75,0.0,0.5,0.0,0.0,0.0,0.0,6.621544079221766
411,0.0,0.45,4.02,0.0,0.0,0.0,1.5,0.75,0.0,0.5,0.0,0.0,0.0,0.0,7.006443633827275
412,0.0,0.0,3.84,0.0,0.0,0.0,1.5,0.75,0.0,0.5,0.0,0.0,0.0,0.0,7.079076947872968
413,0.0,0.8,3.96,0.0,1.0,0.0,1.5,0.75,0.0,0.5,0.0,0.0,0.0,0.0,6.522093832090662
414,1.98,0.0,1.54,0.61,0.25,0.0,1.5,0.0,0.25,1.0,0.0,0.0,1.0,0.0,3.498895343872472
415,4.49,0.0,0.0,0.0,0.25,3.5,0.0,0.0,0.25,0.0,0.25,0.0,0.0,0.0,3.721696053260131
416,0.49,0.0,2.96,0.0,0.5,0.0,0.25,0.75,1.0,0.75,0.0,0.0,0.25,0.25,0.4843289140000686
417,4.47,0.0,0.0,0.0,0.0,3.75,0.0,0.0,0.0,0.0,0.25,0.0,0.0,0.0,4.467601988341082
418,0.0,0.0,2.01,2.29,0.0,0.25,1.75,0.25,0.0,0.75,0.0,0.0,0.5,0.0,6.286488910168512
419,4.989999999999999,0.0,0.0,0.0,0.0,4.0,0.0,0.0,0.0,0.0,0.25,0.0,0.0,0.0,3.694984734658708
420,0.51,0.0,3.03,0.32,0.0,0.0,1.75,0.0,0.0,0.25,0.0,0.0,1.0,0.0,6.848852796031476
421,0.0,0.0,5.02,0.0,0.0,0.0,3.0,0.0,0.0,0.0,0.0,0.0,0.0,0.0,2.70535148575078
422,0.0,0.0,4.91,0.0,0.0,0.0,3.0,0.0,0.0,0.0,0.0,0.0,0.0,0.0,2.429164909643651
423,0.45,0.33,1.06,0.6,0.25,0.0,2.5,0.0,0.0,0.5,0.0,0.0,0.0,0.0,0.7764988991873351
424,0.0,1.52,1.96,0.0,0.0,0.0,1.75,0.0,0.0,0.75,0.0,0.0,0.0,0.5,7.102296855609124
425,0.0,0.0,2.54,0.38,0.75,0.25,0.5,0.75,0.25,0.75,0.0,0.0,0.0,0.25,0.7800759243260755
426,4.7,0.0,0.0,0.0,0.0,0.25,0.0,0.0,0.0,0.0,0.25,0.0,0.0,0.0,2.904744730613579
427,2.03,0.0,0.0,2.04,0.0,0.75,1.25,1.0,0.0,1.0,0.0,0.0,0.0,0.0,1.179804323504471
428,0.61,0.0,2.97,0.42,0.0,0.25,0.5,0.75,0.0,1.0,0.0,0.25,0.25,0.75,0.4447236885728557
429,1.53,0.83,0.5599999999999999,0.5599999999999999,0.0,0.0,0.5,1.0,0.25,1.0,0.0,0.5,0.0,0.25,0.848680533274892
430,1.49,1.89,0.46,0.0,0.0,0.0,1.5,1.25,0.0,0.75,0.0,0.0,0.0,0.0,5.12674023063226
431,0.0,2.37,1.47,0.6,1.0,0.25,0.0,1.25,0.25,0.5,0.0,0.25,0.0,0.0,0.2584727628923535
432,0.0,0.41,2.52,0.61,0.25,0.0,0.25,1.0,0.0,0.75,0.0,0.25,0.75,0.0,0.3845803511303341
433,0.0,0.0,4.98,0.0,0.0,0.0,3.75,0.0,0.0,0.5,0.0,0.0,0.0,0.0,13.38969641071731
434,0.0,0.0,4.97,0.0,0.0,0.0,3.0,0.0,0.0,0.0,0.0,0.0,0.0,0.0,2.718062814474001
435,0.0,0.0,4.97,0.0,0.0,0.0,3.0,0.0,0.0,0.0,0.0,0.0,0.0,0.0,2.576216687428415
436,5.07,0.0,0.0,0.0,0.0,3.5,0.0,0.0,0.0,0.0,0.25,0.0,0.0,0.0,3.257434639963667
437,4.41,0.0,0.0,0.0,0.0,3.75,0.0,0.0,0.0,0.25,0.0,0.0,0.0,0.0,2.269343411060178
438,0.0,0.0,2.46,0.55,0.0,0.0,1.75,0.0,0.0,0.25,0.0,0.0,0.75,0.0,1.389225473189274
439,4.38,0.0,0.0,0.0,0.0,3.5,0.0,0.0,0.25,0.0,0.25,0.0,0.0,0.0,3.910883621185274
440,2.93,0.42,0.0,0.0,0.25,0.75,1.75,0.0,0.5,0.25,0.0,0.0,0.0,0.0,3.167706227233536
441,4.97,0.0,0.0,0.0,0.0,3.5,0.0,0.0,0.25,0.0,0.25,0.0,0.0,0.0,3.661637619640341
442,0.0,0.47,1.47,3.06,0.0,0.0,1.75,0.0,0.25,0.75,0.0,0.0,0.25,0.5,5.503790210518215
443,4.44,0.0,0.0,0.0,0.0,3.25,0.0,0.0,0.0,0.0,0.25,0.0,0.0,0.0,3.854119172845008
444,4.5,0.0,0.0,0.0,0.0,3.5,0.0,0.0,0.0,0.25,0.0,0.0,0.0,0.0,4.560665611377384
445,5.04,0.0,0.0,0.0,0.0,3.25,0.0,0.0,0.0,0.0,0.25,0.0,0.0,0.0,4.545644398725538
446,0.45,1.0,1.36,0.71,0.25,0.25,1.25,0.0,1.0,0.5,0.0,0.0,0.0,0.0,5.011221385424986
447,0.94,0.41,1.96,1.15,0.0,0.25,2.25,0.5,0.25,0.25,0.0,0.0,0.0,0.25,5.036745141347078
448,0.9600000000000001,1.07,1.4,0.58,0.0,0.5,1.5,0.0,0.5,0.5,0.0,0.0,0.5,0.25,5.243113291656135
449,0.0,0.0,4.84,0.0,0.0,0.0,3.0,0.0,0.0,0.0,0.0,0.0,0.0,0.0,2.675993775743302
450,0.0,0.0,4.97,0.0,0.0,0.0,3.0,0.0,0.0,0.0,0.0,0.0,0.0,0.0,2.754497354615607
451,2.47,0.0,0.47,0.0,0.0,0.25,2.0,0.25,0.75,0.25,0.0,0.0,0.0,0.0,1.203615400277505
452,4.43,0.0,0.0,0.0,0.0,3.0,0.0,0.0,0.0,0.0,0.25,0.0,0.0,0.0,3.830239577005241
453,5.02,0.0,0.0,0.0,0.0,3.0,0.0,0.0,0.0,0.0,0.25,0.0,0.0,0.0,3.966343148798717
454,0.5199999999999999,0.0,2.0,0.0,0.25,0.0,1.25,0.5,0.5,0.0,0.0,0.75,0.25,0.0,1.08770059474794
455,3.99,0.0,0.0,0.0,0.0,2.5,0.0,0.0,0.25,0.0,0.0,1.25,0.0,0.0,3.557076842945752
456,2.47,0.0,0.0,1.65,0.0,0.5,1.75,0.0,0.5,0.25,0.0,0.0,1.0,0.0,0.7965279433867588
457,3.98,0.0,0.0,0.0,0.0,2.25,0.0,0.0,0.0,0.0,0.0,1.25,0.0,0.0,2.096702634357755
458,0.0,0.0,2.54,0.39,0.5,0.0,1.5,0.5,0.25,0.75,0.0,0.0,0.25,0.0,5.888259612855177
459,0.0,0.44,1.97,1.24,0.5,0.0,1.0,0.0,0.75,0.75,0.0,0.0,0.25,0.0,1.999693795262421
460,0.0,2.01,0.47,0.31,0.0,0.0,2.0,0.25,0.5,0.5,0.0,0.0,0.25,0.0,4.744999508154
461,3.47,0.0,0.45,0.0,0.0,2.25,0.0,0.0,0.0,0.0,0.0,1.25,0.0,0.0,1.247527321427034
462,4.61,0.0,0.0,0.0,0.0,3.0,0.0,0.0,0.0,0.25,0.25,0.0,0.0,0.0,3.406513384158069
463,5.06,0.0,0.0,0.0,0.0,3.0,0.0,0.0,0.0,0.25,0.25,0.0,0.0,0.0,4.064609235353465
464,0.0,0.0,5.05,0.0,0.0,0.0,3.0,0.0,0.0,0.0,0.0,0.0,0.0,0.0,2.708988923244176
465,0.0,0.0,4.97,0.0,0.0,0.0,3.0,0.0,0.0,0.0,0.0,0.0,0.0,0.0,2.533002809597319
466,0.0,2.08,1.49,0.45,0.0,0.0,1.75,0.0,0.25,0.75,0.0,0.0,0.5,0.0,4.77490567648489
467,4.48,0.0,0.0,0.0,0.0,3.25,0.0,0.0,0.0,0.0,0.25,0.0,0.0,0.0,2.131528930812763
468,1.44,0.5,1.48,0.0,0.0,0.25,1.25,0.0,0.5,0.5,0.0,0.25,0.0,0.0,5.100371098440391
469,1.96,0.0,1.14,0.0,0.0,0.0,1.0,0.0,0.75,0.5,0.0,0.25,1.0,0.0,4.027085617648191
470,0.0,0.0,2.97,0.5199999999999999,0.25,0.75,1.25,0.0,0.75,0.5,0.0,0.0,0.5,0.0,4.937253071371921
471,0.45,0.58,2.96,0.0,0.0,0.0,1.75,0.0,0.0,0.25,0.0,0.75,0.0,0.0,7.139742017966624
472,1.39,0.9600000000000001,0.55,0.0,0.0,0.0,2.5,0.0,0.0,1.0,0.0,0.25,0.0,0.0,5.626630315899257
473,0.0,1.94,1.59,0.0,0.25,0.0,1.5,0.0,0.25,0.75,0.0,0.25,0.25,0.25,4.796740083742782
474,0.0,0.43,3.0,0.0,1.0,0.0,2.0,0.0,0.0,0.75,0.0,0.0,0.0,0.0,7.34056621473454
475,4.55,0.0,0.0,0.0,0.0,3.0,0.0,0.0,0.0,0.0,0.25,0.0,0.0,0.0,2.456570228741143
476,0.46,0.0,1.96,1.59,0.25,0.0,1.25,0.25,0.25,0.5,0.0,0.0,0.5,0.0,5.033405141747511
477,2.01,0.0,0.9700000000000001,0.11,0.5,0.0,1.75,0.0,0.25,0.75,0.0,0.25,0.0,0.0,5.269867598166143
478,1.01,0.0,0.95,1.82,0.5,0.0,2.0,0.0,0.0,0.75,0.0,0.25,0.25,0.25,4.561346008153614
479,0.0,0.0,4.94,0.0,0.0,0.0,3.0,0.0,0.0,0.0,0.0,0.0,0.0,0.0,2.386228403383152
480,0.0,0.0,4.850000000000001,0.0,0.0,0.0,3.0,0.0,0.0,0.0,0.0,0.0,0.0,0.0,2.357491363769236
481,1.0,2.47,0.61,0.0,0.0,0.25,1.5,0.0,0.5,0.25,0.0,0.25,1.0,0.25,2.540089041428758
482,0.0,0.0,5.05,0.0,0.0,0.0,3.75,0.0,0.0,0.75,0.0,0.0,0.0,0.0,15.17678551933425
483,4.98,0.0,0.0,0.0,0.0,3.0,0.0,0.0,0.0,0.25,0.25,0.0,0.0,0.0,3.547354416244669
484,2.93,0.0,1.54,0.0,0.0,2.0,0.0,0.0,0.0,0.0,0.0,1.25,0.0,0.0,0.5333097764097132
485,4.55,0.0,0.0,0.0,0.0,3.0,0.0,0.0,0.0,0.25,0.25,0.0,0.0,0.0,3.825736197816583
486,4.43,0.0,0.0,0.0,0.0,3.0,0.0,0.0,0.0,0.25,0.5,0.0,0.0,0.0,2.788912907309252
487,5.07,0.0,0.0,0.0,0.0,3.0,0.0,0.0,0.0,0.25,0.5,0.0,0.0,0.0,3.061919966547446
488,0.0,1.39,0.5900000000000001,0.73,0.0,1.5,1.0,0.25,0.0,0.0,0.0,1.0,0.0,0.0,0.6614996988180475
489,2.57,0.0,1.18,0.0,0.0,0.0,1.0,1.0,0.25,0.0,0.25,1.0,0.0,0.25,1.864317426078735
490,0.0,0.0,4.39,0.0,0.0,0.0,3.5,0.0,0.0,0.75,0.0,0.0,0.0,0.25,13.65097925153661
491,0.0,0.0,5.029999999999999,0.0,0.0,0.0,3.5,0.0,0.0,0.75,0.0,0.0,0.0,0.25,14.03793788692154
492,4.98,0.0,0.0,0.0,0.0,3.0,0.25,0.0,0.0,0.5,0.5,0.0,0.0,0.0,2.793153333662712
493,4.51,0.0,0.0,0.0,0.0,3.0,0.25,0.0,0.0,0.5,0.5,0.0,0.0,0.0,2.860954709378313
494,0.0,0.0,4.8,0.0,0.0,0.0,3.0,0.0,0.0,0.0,0.0,0.0,0.0,0.0,2.673435363838609
495,0.0,0.0,5.0,0.0,0.0,0.0,3.0,0.0,0.0,0.0,0.0,0.0,0.0,0.0,2.491360789207135
496,4.47,0.0,0.0,0.0,0.0,3.25,0.0,0.0,0.0,0.0,0.5,0.0,0.0,0.0,2.938749950797687
497,4.930000000000001,0.0,0.0,0.0,0.0,3.25,0.0,0.0,0.0,0.0,0.5,0.0,0.0,0.0,3.111244634057265
498,4.48,0.0,0.0,0.0,0.0,3.0,0.0,0.0,0.0,0.0,0.5,0.0,0.0,0.0,3.293675419707171
499,5.19,0.0,0.0,0.0,0.5,3.0,0.0,0.0,0.0,0.0,0.5,0.0,0.0,0.0,3.365058528380046
500,4.45,0.0,0.0,0.0,0.75,3.0,0.0,0.0,0.0,0.0,0.5,0.0,0.0,0.0,3.05223018964116
501,3.99,0.0,0.53,0.0,0.25,1.0,1.5,0.0,0.0,0.0,0.0,1.0,0.0,0.0,1.977716430773047
502,1.5,0.0,0.9700000000000001,0.0,0.75,0.0,2.0,0.0,0.5,0.25,0.0,0.25,0.0,0.0,1.234820372515565
503,5.06,0.0,0.0,0.0,0.0,3.0,0.0,0.0,0.0,0.0,0.5,0.0,0.0,0.0,3.531318859548705
504,5.02,0.0,0.0,0.0,0.75,3.0,0.0,0.0,0.0,0.0,0.5,0.0,0.0,0.0,3.511764587923731
505,0.0,0.0,1.44,2.9,0.0,0.5,1.5,0.0,0.0,0.5,0.0,0.0,1.25,0.0,5.011757484670262
506,4.45,0.0,0.0,0.0,0.25,3.0,0.0,0.0,0.0,0.0,0.5,0.0,0.0,0.0,2.909682585019487
507,0.49,0.48,2.95,0.0,0.0,0.0,2.25,0.0,0.25,0.75,0.25,0.0,0.0,0.25,4.211125557001308
508,0.0,0.0,4.88,0.0,0.0,0.0,3.0,0.0,0.0,0.0,0.0,0.0,0.0,0.0,2.649803453513313
509,0.0,0.0,5.18,0.0,0.0,0.0,3.0,0.0,0.0,0.0,0.0,0.0,0.0,0.0,2.663462601691391
510,4.930000000000001,0.0,0.0,0.0,0.25,3.0,0.0,0.0,0.0,0.0,0.5,0.0,0.0,0.0,2.978721308654378
511,0.95,0.0,2.01,0.0,0.0,0.0,2.25,0.0,0.0,0.75,0.0,0.0,0.0,0.5,5.90516974364652
512,0.0,0.0,1.85,0.0,0.0,0.0,2.0,0.0,0.75,0.5,0.25,0.0,0.0,0.0,1.169597115337474
513,4.460000000000001,0.0,0.0,0.0,0.0,2.75,0.0,0.0,0.0,0.0,0.5,0.0,0.0,0.0,3.550344544408527
514,5.05,0.0,0.0,0.0,0.0,2.75,0.0,0.0,0.0,0.0,0.5,0.0,0.0,0.0,3.6103265115156
515,1.91,0.0,1.9,0.0,0.0,0.0,2.5,0.0,0.5,0.5,0.25,0.0,0.0,0.0,2.413241385466516
516,4.49,0.0,0.0,0.0,0.25,2.75,0.0,0.0,0.0,0.0,0.5,0.0,0.0,0.0,3.098510014753114
517,0.0,0.0,4.5,0.0,0.0,0.0,3.5,0.0,0.0,0.75,0.0,0.0,0.0,0.25,13.44992232247323
518,0.0,0.0,4.899999999999999,0.0,0.0,0.0,3.0,0.0,0.0,0.0,0.0,0.0,0.0,0.0,2.535264844001295
519,0.0,0.0,4.859999999999999,0.0,0.0,0.0,3.0,0.0,0.0,0.0,0.0,0.0,0.0,0.0,2.436607416567999
520,1.0,1.0,0.99,0.61,0.0,0.5,1.5,0.0,1.0,0.5,0.0,0.0,0.0,0.0,0.9318462333223128
521,5.0,0.0,0.0,0.0,0.0,3.25,0.0,0.0,0.0,0.0,0.5,0.0,0.0,0.0,3.238581940224279
522,0.0,0.5,2.83,0.45,0.0,0.0,1.5,0.5,0.0,0.5,0.0,0.0,1.0,0.0,6.554605061670046
523,4.51,0.0,0.0,0.0,0.0,3.25,0.0,0.0,0.0,0.0,0.5,0.0,0.0,0.0,4.206240877720037
524,0.51,0.0,2.61,0.0,0.0,0.0,1.0,0.0,0.25,0.75,0.0,0.0,0.25,0.25,2.075798330186033
525,0.0,0.5,2.86,0.0,0.0,0.0,1.5,0.0,0.75,1.0,0.0,0.0,0.5,0.0,4.093001059746673
526,0.0,1.54,1.41,0.7,0.0,0.0,1.5,0.25,0.5,0.5,0.0,0.0,0.5,0.0,5.368973773208197
527,0.0,0.0,4.13,0.0,0.0,0.25,1.0,0.5,0.5,0.5,0.0,0.0,0.25,0.0,3.431152919882313
528,2.47,0.48,0.48,0.5199999999999999,0.0,0.25,2.0,0.0,0.25,0.75,0.0,0.25,0.0,0.0,4.522219436709945
529,4.02,0.0,0.51,0.0,0.0,1.0,1.5,0.0,0.0,0.0,0.0,1.0,0.0,0.0,3.83205976712417
530,0.0,0.49,3.48,0.0,0.5,0.0,1.5,0.25,0.5,0.25,0.0,0.75,0.0,0.0,4.925201413104413
531,0.54,0.99,1.43,0.55,0.25,0.0,1.25,0.25,0.25,0.5,0.0,0.0,0.5,0.0,3.386577190285837
532,5.07,0.0,0.0,0.0,0.0,3.0,0.0,0.0,0.0,0.0,0.5,0.0,0.0,0.0,3.363249140797426
533,0.0,0.0,4.97,0.0,0.0,0.0,3.0,0.0,0.0,0.0,0.0,0.0,0.0,0.0,2.406373542593758
534,0.0,0.0,4.97,0.0,0.0,0.0,3.0,0.0,0.0,0.0,0.0,0.0,0.0,0.0,2.287334469528167
535,4.91,0.0,0.0,0.0,0.0,2.5,0.0,0.0,0.25,0.0,0.25,1.25,0.0,0.0,2.877817908162408
536,0.94,0.0,2.97,0.0,0.0,0.75,2.0,0.0,0.25,0.25,0.0,0.25,0.0,0.0,1.690957729117293
537,4.47,0.0,0.0,0.0,0.0,2.75,0.0,0.0,0.0,0.0,0.5,0.0,0.0,0.0,4.296009945876013
538,4.97,0.0,0.0,0.0,0.0,2.75,0.0,0.0,0.0,0.0,0.5,0.0,0.0,0.25,3.508492566401965
539,4.54,0.0,0.0,0.0,0.0,2.75,0.0,0.0,0.0,0.0,0.5,0.0,0.0,0.25,3.470995201291165
540,1.02,0.43,2.11,0.7200000000000001,0.0,0.25,2.25,0.25,0.5,0.5,0.0,0.0,0.0,0.0,6.433392685249927
541,1.4,1.56,1.89,0.0,0.25,0.5,2.5,0.25,0.0,0.5,0.0,0.25,0.0,0.0,8.014413055655732
542,4.47,0.0,0.0,0.0,0.0,3.25,0.0,0.0,0.0,0.0,0.5,0.0,0.0,0.25,4.030079986440666
543,5.14,0.0,0.0,0.0,0.0,3.25,0.0,0.0,0.0,0.0,0.5,0.0,0.0,0.25,4.978237292066164
544,4.51,0.0,0.0,0.0,0.0,3.0,0.0,0.0,0.25,0.0,0.5,0.0,0.0,0.25,4.187394934186585
545,5.05,0.0,0.0,0.0,0.0,3.0,0.0,0.0,0.25,0.0,0.5,0.0,0.0,0.25,3.872755323470753
546,0.0,0.44,2.5,0.33,0.0,0.25,1.75,0.0,0.5,0.5,0.0,0.0,0.0,0.25,6.469193111640676
547,4.989999999999999,0.0,0.0,0.0,0.0,2.75,0.0,0.0,0.5,0.0,0.5,0.0,0.0,0.25,2.402282795239024
548,0.0,0.0,4.91,0.0,0.0,0.0,3.0,0.0,0.0,0.0,0.0,0.0,0.0,0.0,2.57980622341952
549,0.0,0.0,4.92,0.0,0.0,0.0,3.0,0.0,0.0,0.0,0.0,0.0,0.0,0.0,2.555709927226045
550,4.44,0.0,0.0,0.0,0.0,3.25,0.0,0.0,0.0,0.0,0.5,0.0,0.0,0.0,2.192065231857719
551,4.95,0.0,0.0,0.0,0.0,3.25,0.0,0.0,0.0,0.0,0.5,0.0,0.0,0.0,2.491246737626168
552,1.95,0.0,1.14,0.44,0.0,0.0,1.75,0.0,0.5,0.5,0.0,0.25,0.0,0.5,1.87664067238328
553,0.0,0.61,1.34,1.91,0.0,0.25,1.75,0.25,0.0,0.5,0.0,0.25,0.25,0.25,3.494370258103356
554,0.0,0.0,1.47,2.66,0.5,0.5,1.75,0.25,0.25,0.5,0.0,0.0,0.0,0.0,4.843866890989467
555,0.0,1.47,1.88,0.0,0.5,0.0,1.25,0.0,1.0,0.5,0.0,0.25,0.0,0.25,4.111944163339316
556,4.47,0.0,0.0,0.0,0.0,3.0,0.0,0.0,0.0,0.0,0.5,0.0,0.0,0.0,2.351314835028083
557,5.029999999999999,0.0,0.0,0.0,0.0,3.0,0.0,0.0,0.0,0.0,0.5,0.0,0.0,0.0,2.294423046175841
558,2.48,0.49,1.14,0.0,0.25,0.0,1.75,0.25,0.25,0.5,0.0,0.0,0.0,0.0,5.608244445171083
559,1.52,0.45,1.06,1.18,0.0,0.5,1.25,0.0,0.25,0.75,0.0,0.25,0.0,0.25,2.947995662500775
560,1.01,0.45,0.0,0.9700000000000001,0.0,0.0,2.25,0.0,0.0,1.25,0.0,0.0,0.0,0.25,0.8372510474017602
561,0.4,2.0,0.95,0.36,0.0,0.75,1.25,0.25,0.25,0.5,0.0,0.0,0.25,0.0,4.127146867179586
562,5.0,0.0,0.0,0.0,0.0,2.75,0.0,0.0,0.0,0.0,0.5,0.0,0.0,0.0,2.579510848662316
563,0.0,0.0,4.92,0.0,0.0,0.0,3.0,0.0,0.0,0.0,0.0,0.0,0.0,0.0,2.553687240859418
564,0.0,0.0,4.87,0.0,0.0,0.0,3.0,0.0,0.0,0.0,0.0,0.0,0.0,0.0,2.396989819045335
565,4.47,0.0,0.0,0.0,0.0,2.25,0.25,0.0,0.75,0.0,0.25,1.25,0.0,0.0,1.731196905695846
566,0.47,0.0,2.95,0.0,0.0,0.0,1.75,1.0,0.0,0.25,0.0,0.0,0.75,0.25,1.280938288266166
567,4.45,0.0,0.0,0.0,0.0,2.0,0.25,0.0,0.75,0.0,0.25,1.25,0.0,0.0,1.823963698799401
568,4.5,0.0,0.0,0.0,0.0,3.25,0.0,0.0,0.0,0.0,0.5,0.0,0.0,0.25,2.687320143540859
569,4.91,0.0,0.0,0.0,0.0,3.25,0.0,0.0,0.0,0.0,0.5,0.0,0.0,0.25,3.389214597573198
570,0.43,0.0,1.94,0.47,0.0,0.0,0.25,1.0,0.0,0.5,0.0,1.0,0.0,0.5,0.447828267332238
571,0.0,1.11,2.46,0.41,0.5,0.25,0.25,0.0,0.0,0.5,0.0,1.0,0.25,0.5,0.4116606412981751
572,0.0,0.0,2.02,0.41,0.0,0.0,1.5,0.0,0.0,0.75,0.0,0.5,1.0,0.25,5.154949151236631
573,1.5,1.94,0.44,0.0,0.0,0.25,1.75,0.5,0.0,1.0,0.0,0.25,0.25,0.0,3.75571696769224
574,4.49,0.0,0.0,0.0,0.0,3.25,0.0,0.0,0.25,0.0,0.5,0.0,0.0,0.25,3.030218647493385
575,4.989999999999999,0.0,0.0,0.0,0.0,3.25,0.0,0.0,0.25,0.0,0.5,0.0,0.0,0.25,2.176908478720891
576,0.0,0.0,4.5,0.0,0.0,0.0,3.75,0.0,0.0,0.75,0.0,0.0,0.0,0.25,12.5943189570637
577,4.5,0.0,0.0,0.0,0.0,2.5,0.0,0.0,0.75,0.0,0.5,0.0,0.0,0.25,3.005110419735876
578,0.0,0.0,5.0,0.0,0.0,0.0,3.0,0.0,0.0,0.0,0.0,0.0,0.0,0.0,2.24014925124007
579,0.0,0.0,4.98,0.0,0.0,0.0,3.0,0.0,0.0,0.0,0.0,0.0,0.0,0.0,2.223082970818989
